,Suburb,Business.Type,Name.of.Business,Latitude,Longitude,Address,Phone.Number
0,Mornington,Legal Services,Mornington Legal,-38.22718,145.04353999999998,"342 Main St, Mornington VIC 3931",(03) 5975 7611
1,Mornington,Solicitor,Alesci Lawyers,-38.217909999999996,145.03696000000002,"1 Queen St, Mornington VIC 3931",(03) 5977 1000
2,Mornington,Legal Services,Lawyers By The Bay,-38.21765,145.038025,"11 Railway Grove, Mornington VIC 3931",(03) 8680 2549
3,Mornington,Solicitor,Marshalls+Dent Lawyers Mornington,-38.21921,145.03887,"Level 1, Suite 2/26 McLaren Place, Mornington VIC 3931",(03) 5973 6919
4,Mornington,Solicitor,Walls Bridges Lawyers,-38.22013,145.03838000000002,"49 Octavia St, Mornington VIC 3931",(03) 5977 0680
5,Mornington,General practice attorney,Carroll Goldsmith Lawyers,-38.21632,145.03603999999999,"1/176 Main St, Mornington VIC 3931",(03) 5975 7588
6,Mornington,Law firm,Stidston Warren Lawyers,-38.22095,145.04057,"suite 1 level 1/10 Blamey Pl, Mornington VIC 3931",(03) 5975 5222
7,Mornington,Solicitor,"Roberts Beckwith Partners,Beckwith C",-38.221579999999996,145.04057,"16 Blamey Pl, Mornington VIC 3931",(03) 5975 4133
8,Mornington,Solicitor,Urban Law Group,-38.229058,145.044649,"7/234 Main St, Mornington VIC 3931",(03) 5975 2000
9,Mornington,Law firm,PHAEDONOS LAW,-38.218441999999996,145.037834,"307 Main St, Mornington VIC 3931",(03) 5976 1688
10,Mornington,Family law attorney,Anchorage legal,-38.225958,145.042777,"Ground Floor 2/328 Main St, Mornington VIC 3931",(03) 9070 1199
13,Mornington,Legal Services,Peninsula Injury Lawyers,-38.226453,145.042614,"level 2/315 Main St, Mornington VIC 3931",(03) 5924 1007
14,Mornington,Solicitor,Hill Legal,-38.233838,145.06233400000002,"22a Milgate Dr, Mornington VIC 3931",(03) 5976 6500
16,Mornington,Solicitor,JG Nixon PTY Ltd.,-38.213275,145.05123700000001,"1 Rothesay Ave, Mornington VIC 3931",(03) 5975 3130
17,Mornington,Legal Services,Roberts Beckwith Partners,-38.221171999999996,145.0405,"2/16 Blamey Pl, Mornington VIC 3931",(03) 5975 4133
21,Pakenham,Law firm,Duffy & Simon,-38.074417,145.48478400000002,"13 John St, Pakenham VIC 3810",(03) 5941 1622
22,Pakenham,Personal injury attorney,Ryan Carlisle Thomas Lawyers,-38.071717,145.47518,"114 Main St, Pakenham VIC 3810",(03) 5941 5722
24,Pakenham,Legal Services,My Legal Crunch - Lawyers,-38.069808,145.465236,"5 McMaster Ct, Pakenham VIC 3810",1800 572 417
25,Pakenham,Family law attorney,Pakenham Lawyers,-38.072977,145.47713000000002,"18 Main Street,18 Main Street, Pakenham Vic 3810",1800 754 401
26,Pakenham,Legal Services,Casey Business Lawyers Pty Ltd,-38.061186,145.463413,"Unit 6/ 1/5 Purton Rd, Pakenham VIC 3810",0435 876 445
27,Pakenham,Legal Services,Pakenham Conveyancing,-38.074417,145.484787,"25 John St, Pakenham VIC 3810",(03) 5940 2208
30,Pakenham,Legal Services,Francis Alan Rutherford Barrister & Solicitor,-38.075107,145.49199199999998,"55 Simon Dr, Pakenham VIC 3810",0418 569 566
31,Pakenham,Legal Services,Securitinet Conveyancing PTY Ltd.,-38.071715999999995,145.475174,"156 Main St, Pakenham VIC 3810",(03) 5941 1577
32,Pakenham,criminal justice attorney,Galbally & O'Bryan,48.436408,-123.371959,"Shop 1/15 John St, Pakenham VIC 3810",(03) 5941 7990
39,Pakenham,Solicitor,Conveyancing Pakenham $350.00 by GSY Lawyers,-38.06411,145.433533,"William Ct, Melbourne 3000 Pakenham VIC 3810",(03) 8338 0298
40,Pakenham,Solicitor,Megan Copas Solicitor,-38.04303,145.437393,"250 Brown Rd, Pakenham VIC 3810",(03) 5943 1203
42,Berwick,Legal Services,berwicklegal,-38.014499,145.345375,"10 Panoramic Terrace, Berwick VIC 3806",(03) 9769 3699
43,Berwick,Legal Services,Berwick Conveyancing,-38.02995,145.346093,"1a/10 Blackburne Square, Berwick VIC 3806",(03) 9769 4436
45,Berwick,Legal Services,First Class Legal,-38.033977,145.345783,"4 Gloucester Ave, Berwick VIC 3806",1300 956 321
47,Berwick,Legal Services,Maxiom Injury Lawyers,-38.042609999999996,145.34561200000002,"48 Kangan Dr, Berwick VIC 3806",1800 853 085
48,Berwick,Legal Services,Dreary Pty Ltd.,-38.062808000000004,145.339066,"1 Oshea Rd, Berwick VIC 3806",(03) 9702 1733
49,Berwick,Family law attorney,Malkin Lawyers,48.428362,-123.35878799999999,"3/28-32 Gloucester Ave, Berwick VIC 3806",(03) 9768 9658
50,Berwick,Divorce Lawyer,Just Family Law - Berwick,-38.031407,145.34463799999997,"54 High St, Berwick VIC 3806",(03) 9793 7888
51,Berwick,Law firm,Moondarra Legal,-38.064726,145.33001299999998,"64 Moondarra Dr, Berwick VIC 3806",(03) 9702 2153
52,Berwick,Solicitor,Wollerman Shacklock Lawyers,-38.037172,145.348469,"Level 2/8 Gloucester Ave, Berwick VIC 3806",(03) 9707 1155
53,Langwarrin ,Law firm,Peter Haberle,-38.147384,145.1738,"5/411 McClelland Dr, Langwarrin VIC 3910",(03) 9789 7655
54,Langwarrin ,Legal Services,Qhm Lawyers,-38.152349,145.1636,"212 Karingal Dr, Frankston VIC 3199",0432 866 816
55,Langwarrin ,Legal Services,Langwarrin Conveyancing Services,-38.15786,145.1842,"10 Colin Court,Langwarrin 3910",(03) 9789 7870
56,Langwarrin ,Legal Services,Double Bay Conveyancing,-38.166769,145.1626,"7 Apollo Ct, Frankston VIC 3199",(03) 9789 7352
57,Langwarrin ,Legal Services,Silverthorn Conveyancing Langwarrin,-38.1513175,145.1971,"The Gateway, Shop 3/230 Cranbourne-Frankston Rd, Langwarrin VIC 3910",(03) 8743 1068
58,Langwarrin ,Legal Services,All Day Conveyancing,-38.157522,145.1982,"1 Emerald Ct, Langwarrin VIC 3910",0418 547 179
59,Langwarrin ,Legal Services,Saker Conveyancing,-38.146443,145.1914,"54 Pindara Blvd, Langwarrin VIC 3910",(03) 8790 0270
60,Langwarrin ,Legal Services,Victoria Legal Aid,-38.138917,145.1274,"34 Dandenong Rd W, Frankston VIC 3199",(03) 9784 5222
61,Mooroolbark,Legal Services,Beaumont Lawyers,-37.785314899999996,145.3124,"34 Brice Ave, Mooroolbark VIC 3138",(03) 9726 9822
62,Mooroolbark,Legal Services,Yarra Ranges Lawyers,-37.7837042,145.3124,"16 Winyard Dr, Mooroolbark VIC 3138",(03) 9727 4055
63,Mooroolbark,Legal Services,GLN Conveyancing Services,-37.7854619,145.3161,"11/91 Brice Ave, Mooroolbark VIC 3138",(03) 9726 5666
64,Mooroolbark,Legal Services,Wright Conveyancing Service,-37.768184999999995,145.3261,"77 Landscape Dr, Mooroolbark VIC 3138",(03) 9727 1112
65,Mooroolbark,Solicitor,Conveyancing Linque,-37.782073,145.3052,"52 Diane Cres, Croydon VIC 3136",(03) 9733 4233
66,Mooroolbark,Legal Services,SF Conveyancing,-37.7837477,145.3126,"20 Winyard Dr, Mooroolbark VIC 3138",0402 606 298
67,Sunbury,Legal Services,McClure Law,-37.576589,144.7277,"8 Horne St, Sunbury VIC 3429",(03) 9744 1881
68,Sunbury,Legal Services,G&G Legal,-37.577114,144.7274,"14 Horne St, Sunbury VIC 3429",(03) 9744 2688
69,Sunbury,Legal Services,E.C. Conveyancing,-37.5814805,144.7254,"57/59 Horne St, Sunbury VIC 3429",(03) 9740 8560
70,Sunbury,Legal Services,Kavanagh Lawyers,-37.5796877,144.7307,"22 Oshanassy St, Sunbury VIC 3429",(03) 9744 2911
71,Sunbury,Legal Services,Wilkinson Lawyers,-37.58031079999999,144.7293,"1/69-71 Evans St, Sunbury VIC 3429",0468 364 121
72,Sunbury,Legal Services,Knight & Associates,-37.5802854,144.7292,"69 Evans St, Sunbury VIC 3429",(03) 9740 4442
73,Sunbury,Legal Services,McNab McNab & Starke Lawyers,-37.5827401,144.7283,"30 Station St, Sunbury VIC 3429",(03) 9744 2666
74,Malvern - Glen Iris,Legal Services,"Hartwell Legal - Incapacity, Wills & Estates Experts",-37.845027,145.0384,"8/1 Milton Parade, Malvern VIC 3144",0413 181 545
75,Malvern - Glen Iris,Legal Services,Testart Family Lawyers,-37.8459492,145.039,"23 Milton Parade, Malvern VIC 3144",(03) 9854 6212
76,Malvern - Glen Iris,Legal Services,Peter Speakman & Co Pty Lawyers,-37.85350579999999,145.0427,"2/1396 Malvern Rd, Glen Iris VIC 3146",(03) 9822 8611
77,Malvern - Glen Iris,Legal Services,Global Brand Protection,-37.853274,145.0439,"1/1489 Malvern Rd, Glen Iris VIC 3146",(03) 9822 2889
78,Malvern - Glen Iris,Legal Services,Bartram Lawyers,-37.863644,145.0503,"1/173 Burke Rd, Glen Iris VIC 3146",(03) 9885 9375
79,Malvern - Glen Iris,Legal Services,John Bennison,-37.869053,145.0389,"43 Tooronga Rd, Malvern East VIC 3145",(03) 9571 5000
80,Malvern - Glen Iris,Legal Services,Moyle Legal,-37.86684,145.0307,"91 Station St, Malvern VIC 3144",(03) 9509 9360
81,Malvern - Glen Iris,Legal Services,Burke Family Law,-37.8656312,145.0294,"53 Station St, Malvern VIC 3144",0419 550 586
82,Malvern - Glen Iris,Legal Services,Lopes Family Law,-37.86060820000001,145.0288,"1/52 Glenferrie Rd, Malvern VIC 3144",(03) 9500 2299
83,Malvern - Glen Iris,Legal Services,Held Lawyers - Malvern,-37.8598352,145.029,"Level 1/180-182 Glenferrie Rd, Malvern VIC 3144",(03) 9509 0710
84,Malvern - Glen Iris,Legal Services,Stuart Morgan & Associates,-37.858312700000006,145.0292,"238 Glenferrie Rd, Malvern VIC 3144",(03) 9576 2300
85,Tarneit,Legal Services,Sai Migration Consultants,-37.8341731,144.6622,"21 Barrangi Dr, Tarneit VIC 3029",0425 426 849
86,Tarneit,Legal Services,Star Migration Services,-37.8554179,144.6496,"21 Stanhope Rd, Tarneit VIC 3029",0403 608 872
87,Tarneit,Legal Services,Computing & Legal Services Pty Ltd,-37.863655,144.6689,"31 Medina Dr, Hoppers Crossing VIC 3029",(03) 8742 2525
88,Tarneit,Legal Services,Safra Conveyancing,-37.845788299999995,144.6815,"10 Laurina Ave, Tarneit VIC 3029",0401 166 485
0,Rosebud - McCrae,,Peninsula Community Legal Centre Inc.,-38.359508399999996,144.8921111,,
1,Rosebud - McCrae,,Mornington Peninsula Legal Service Pty Ltd,-38.3541488,144.91239109999998,,
2,,,Corrective Legal Services & Associates ®,-38.275477200000005,144.611432,,
3,Point Nepean,,Mccarthy Partners,-38.371279,144.82718799999998,,
4,Point Nepean,,Moreheads Lawyers,-38.320619,144.714653,,
5,Fitzroy,,Fitzroy Legal Service,-37.8019104,144.97954130000002,,
6,Frankston,,Victoria Legal Aid,-38.13895430000001,145.12744019999997,,
7,Springvale,,Springvale Monash Legal Service Inc.,-37.9463917,145.14875880000002,,
9,,,Victoria Legal Aid,-38.150542,144.359599,,
10,Point Nepean,,Woodhams O'Keeffe & Co,-38.339513399999994,144.73765469999998,,
11,,,Barwon Community Legal Service,-38.17452,144.342224,,
12,Rosebud - McCrae,,McGuinness Legal,-38.356920200000005,144.9031064,,
13,Bentleigh East,,Peninsula Community Legal Centre,-37.9293821,145.06656619999998,,
14,Rosebud - McCrae,,Sam Kelly's Conveyancing,-38.375391799999996,144.8729154,,
15,Clayton,,Monash Law Clinics - Clayton,-37.912265000000005,145.12809199999998,,
16,Melbourne,,Victoria Legal Aid,-37.8155055,144.9567621,,
17,Melbourne,,Women's Legal Service Victoria,-37.812540000000006,144.95634990000002,,
18,Dandenong,,Victoria Legal Aid,-37.9877663,145.2114743,,
19,,,Coulter Roache,-38.2816416,144.4919278,,
20,Sunshine North,,Sunshine Legal Aid,-37.776661600000004,144.83161719999998,,
21,Port Melbourne,,Southport Community Legal Service.,-37.8379471,144.94157019999997,,
22,Ascot Vale,,Moonee Valley Legal Service,-37.77945,144.919296,,
23,Dandenong,,Southport Community Legal Service,-37.996887,145.22780369999998,,
24,Rosebud - McCrae,,Prudent Legal,-38.356598999999996,144.90381100000002,,
25,Broadmeadows,,Victoria Legal Aid,-37.682742499999996,144.9194211,,
26,Rosebud - McCrae,,White Cleland,-38.35686099999999,144.904824,,
27,Albert Park,,SKB Legal Services,-37.837625200000005,144.9755031,,
28,Rosebud - McCrae,,Port Phillip Conveyancing - Rosebud Branch,-38.356513899999996,144.9063895,,
29,,,Coulter Roache,-38.3318626,144.3243888,,
30,Melbourne,,Federation of Community Legal Centres (Vic) Inc.,-37.813463,144.96707769999998,,
31,,,Greater Geelong Legal,-38.1499984,144.35517040000002,,
32,Bentleigh - McKinnon,,Anuja Baker Legal Services,-37.91463299999999,145.045371,,
33,,,Cahill & Rowe Family Law,-38.135475899999996,144.3491089,,
34,Mornington,,Mornington Legal,-38.227094,145.043746,,
35,Mordialloc - Parkdale,,Marsh & Maher Richmond Bennison,-38.0064381,145.0867392,,
36,Mornington,,Lawyers By The Bay,-38.21760940000001,145.0380118,,
37,St Kilda East,,Guardianship & Admin Legal Services,-37.869563,144.99604,,
38,,,Coulter Roache,-38.149971,144.36314299999998,,
39,St Kilda,,LegalVision,-37.856927,144.989256,,
40,South Melbourne,,Kenna Law Collaborative Legal Services,-37.831810600000004,144.9574006,,
41,Sunshine,,Maurice Blackburn Lawyers Sunshine,-37.780132,144.82900800000002,,
42,Melbourne,,Richmond & Bennison Lawyers,-37.814844,144.959936,,
43,,,Harwood Andrews,-38.1494429,144.3566303,,
44,Frankston,,Justice Crew Legal Services,-38.144483,145.124248,,
45,Bentleigh - McKinnon,,Hayton Kosky Lawyers,-37.917983,145.0325689,,
46,Frankston,,White Cleland,-38.14315,145.120508,,
47,Dromana,,ALL State Conveyancing Services,-38.332556700000005,144.9678854,,
48,Altona North,,Medina Financial & Para-Legal Services,-37.8374331,144.863101,,
49,,,KG Lawyers,-38.171927000000004,144.570881,,
50,Frankston,,Hayes & Associates,-38.13395999999999,145.123884,,
51,,,Peter Boyle Barrister & Solicitor,-38.2799533,144.608351,,
52,Frankston,,Denise Dwyer Lawyers,-38.137547999999995,145.1240054,,
53,,,Crawford & Company,-38.155695,144.36223600000002,,
54,,,Bay City Conveyancing & Legal,-38.150715500000004,144.3580657,,
55,,,Mann Legal - Geelong,-38.150564,144.35536499999998,,
56,,,John G O'Halloran Solicitor & Lawyer,-38.26985,144.5275189,,
57,Mornington,,By the Bay Legal & Conveyancing,-38.22611679999999,145.0430693,,
58,Mornington,,HDL Legal & Consulting Pty Ltd,-38.226509,145.0424041,,
59,Mornington,,Urban Law Group,-38.2228385,145.04112519999998,,
62,Preston,,Aboriginal Legal Service Co-Operative Ltd,-37.743773299999994,145.00283430000002,,
65,Collingwood,,Refugee & Immigration Legal Centre Inc.,-37.8003364,144.98558219999998,,
66,Melbourne,,Legal Services Board,-37.8160035,144.9577457,,
67,Heidelberg West,,West Heidelberg Community Legal Service,-37.7397352,145.0405152,,
69,Kensington,,Flemington & Kensington Community Legal Centre,-37.7891389,144.9287112,,
70,Melbourne,,St James Legal Services,-37.81674279999999,144.96143419999999,,
72,North Melbourne,,Inner Melbourne Community Legal,-37.802929,144.950407,,
73,Essendon - Aberfeldie,,Prompt Legal Services,-37.739025,144.89646299999998,,
75,Abbotsford,,Djirra,-37.797588,144.9938631,,
76,Melbourne,,Dixon Legal Services,-37.8171434,144.9603763,,
77,Melbourne,,Inner City Legal Services Pty Ltd,-37.814679999999996,144.960224,,
78,Melbourne,,Victorian Legal Services Commissioner,-37.816157200000006,144.95720880000002,,
79,Melbourne,,AED Legal Centre,-37.817811600000006,144.9651461,,
81,Melbourne,,Consumer Action Law Centre,-37.814339000000004,144.960224,,
83,Melbourne,,Disability Discrimination Legal Service,-37.8150076,144.9553884,,
84,Carlton North - Princes Hill,,Lygon Street Legal Services,-37.7825719,144.9697534,,
85,Melbourne,,Law Image Melbourne | Legal document production & Managed services,-37.8150532,144.95920569999998,,
86,Melbourne,,Rogers Legal Service,-37.8146416,144.9603247,,
87,Melbourne,,GMS Legal Service Agency,-37.8151277,144.961052,,
88,Heidelberg - Rosanna,,JPLegal,-37.756146,145.06699,,
89,Ivanhoe,,DLT Legal,-37.7754391,145.039228,,
91,Melbourne,,ADC Legal Litigation Lawyers,-37.8158099,144.96648100000002,,
92,Melbourne,,First Legal & Migration Services Pty Ltd,-37.8137451,144.96047030000003,,
93,Collingwood,,Persuit Legal Outsourcing Melbourne HQ- Pursuit Legal,-37.804334999999995,144.98578600000002,,
94,Melbourne,,AHL Legal AHL法律,-37.8163932,144.95713930000002,,
95,Melbourne,,SM Legal,-37.8160774,144.9584934,,
96,Reservoir,,Darebin Community Legal Centre,-37.716671000000005,145.00626200000002,,
97,Melbourne,,Lloyd Meridian Legal,-37.8165501,144.96383980000002,,
98,Balwyn,,Primon Legal,-37.8132256,145.08264169999998,,
99,Moonee Ponds,,MNG Lawyers,-37.770585,144.926455,,
100,Melbourne,,Hendersons Legal,-37.816846000000005,144.957349,,
102,Melbourne,,MyVisa Australia,-37.814178000000005,144.972777,,
103,Melbourne,,Warlows Legal Melbourne,-37.8107524,144.95834419999997,,
104,Melbourne,,Nevile & Co. Commercial Lawyers,-37.814235,144.970016,,
105,Melbourne,,First Legal & Migration Services Pty Ltd,-37.81354049999999,144.9604625,,
107,South Yarra,,"Michael T Helman Lawyers - Family Law, Legal Services",-37.838628,144.996137,,
108,Melbourne,,Epiq,-37.8140345,144.9605991,,
109,Heidelberg - Rosanna,,Fin Law Legal Services,-37.736391999999995,145.06968799999999,,
110,Footscray,,Nzenza Legal and Migration Services,-37.7988161,144.9013918,,
111,Melbourne,,Justice Connect,-37.8152823,144.96011930000003,,
112,Melbourne,,Law Aid,-37.814275099999996,144.95706,,
113,South Melbourne,,Workplace Legal Pty Ltd,-37.835139500000004,144.97051969999998,,
114,Melbourne,,Herbert Smith Freehills (Melbourne),-37.814518,144.970355,,
115,Port Melbourne,,Behan Legal,-37.837896,144.943365,,
116,Carlton,,Visa Law Immigration Lawyers,-37.799783399999995,144.967794,,
117,Hawthorn East,,Rennick & Gaynor Solicitors,-37.830937799999994,145.05407150000002,,
118,Albert Park,,Avenue Solutions,-37.839729999999996,144.97601,,
136,Sunshine,,Sunshine Youth Legal Centre,-37.7816573,144.83085590000002,,
153,Pascoe Vale,,Herm Legal & Migration Services,-37.7172429,144.9216678,,
154,Melbourne,,Notary Services Australia,-37.8159854,144.957957,,
169,Preston,,BTT LAWYERS,-37.7405134,145.0038987,,
171,Reservoir,,Novatsis & Alexander Solicitors,-37.717038,145.008015,,
219,Brunswick,,De Marchi and Associates,-37.768217,144.961636,,
227,Brighton,,Buchanan Legal Services Pty Ltd,-37.905521,145.00134599999998,,
285,Melbourne,,Eales & Mackenzie Lawyers,-37.817559,144.9615321,,
289,Melbourne,,Nicholas O'Donohue & Co,-37.8157698,144.9587559,,
291,Melbourne,,Legally Yours,-37.817067,144.959725,,
293,Melbourne,,Barristers Clerking Services PTY Ltd.,-37.814263399999994,144.9571557,,
302,St Albans,,Lanham Lawyers,-37.743767999999996,144.798233,,
385,Melbourne,,Simon Legal,-37.8135355,144.9604438,,
438,Melbourne,,Horizon Lex | Business + Law,-37.8162335,144.9609575,,
439,Melbourne,,SP Legal,-37.81688,144.957092,,
461,Melbourne,,FAL Lawyers,-37.81635429999999,144.95890480000003,,
472,St Albans,,Brimbank Melton Community Legal Centre,-37.743613,144.79691100000002,,
478,Carlton,,Office of the Public Advocate,-37.8021777,144.9671638,,
541,Laverton,,Nanscawen Lawyers,-37.86832570000001,144.7610435,,
547,Sunshine,,Daniel Lawyers & Associates (incorporating Patrick Cash & Associates),-37.786159000000005,144.833127,,
552,Hoppers Crossing,,Computing & Legal Services Pty Ltd,-37.863664,144.668702,,
553,Point Cook,,Campus Lawyers & Associates,-37.8956776,144.752622,,
554,Point Cook,,Parkside Conveyancing Services,-37.8992859,144.73951359999998,,
556,Footscray,,Norton Legal,-37.8105773,144.89919980000002,,
565,Werribee,,WEstjustice,-37.900232,144.662484,,
567,Point Cook,,Ammanah Legal,-37.872657399999994,144.7453277,,
568,Sunshine,,Ferraro & Co Pty Ltd,-37.787629200000005,144.8304051,,
569,Point Cook,,Joshi Lawyers,-37.871534000000004,144.74740500000001,,
577,Altona,,Altona Legal,-37.867543,144.8292861,,
594,Melbourne,,AR LAW Services: Master Migration & Visa Lawyers,-37.818081,144.964621,,
595,North Melbourne,,First Nations Legal & Research Services,-37.8045017,144.951122,,
597,Melbourne,,Norton Rose Fulbright,-37.815887200000006,144.95959309999998,,
598,Melbourne,,Blackstone Legal Costing,-37.8126935,144.956645,,
599,Melbourne,,Velocity Legal,-37.8108817,144.9620182,,
622,Caroline Springs,,Lily Safarewicz Family Lawyers,-37.7342035,144.7416579,,
624,Caroline Springs,,Calder Conveyancing Pty Ltd,-37.729803600000004,144.7420291,,
630,Moonee Ponds,,Maitland-Smith & Associates,-37.767777,144.923364,,
632,Caroline Springs,,Lake Street Lawyers,-37.729813,144.7421067,,
634,Moonee Ponds,,Hartleys Lawyers,-37.76583979999999,144.921883,,
635,Essendon - Aberfeldie,,Graham Legal,-37.746019,144.91068869999998,,
637,Essendon - Aberfeldie,,Anderson Law Legal Practitioners,-37.743798999999996,144.909242,,
639,Newport,,Hartleys Lawyers,-37.84193399999999,144.879657,,
640,Footscray,,Practical Legal Solutions,-37.806627,144.906183,,
643,Gladstone Park - Westmeadows,,Cassar & Ryan Conveyancing Pty Ltd,-37.687298,144.888832,,
646,Taylors Lakes,,Brimbank Conveyancing Services PTY Ltd.,-37.70247,144.786194,,
654,St Albans,,Hughes Watson Marks Kennedy Lawyers,-37.744576,144.800681,,
659,Keilor,,Eugene Naidoo & Associates,-37.711667,144.810767,,
663,Niddrie,,Milicevic Lawyers,-37.737027000000005,144.892224,,
678,Point Cook,,West Lawyers,-37.883349200000005,144.7359529,,
689,Ascot Vale,,Safe from Harm,-37.7794958,144.9194636,,
699,Glenroy,,Buller Mcleod PTY,-37.704227,144.9162178,,
705,Greenvale - Bulla,,Paramount Conveyancing Practice,-37.6393826,144.8820468,,
706,Sunshine,,Hartleys Lawyers,-37.778175899999994,144.8361604,,
707,Yarraville,,IPT Law - Surrogacy & ART Legal Advice,-37.8166569,144.8893112,,
708,Maribyrnong,,Chircop Legal,-37.7836195,144.89178330000001,,
711,Sunshine,,Doogue + George Criminal Lawyers Sunshine,-37.78820049999999,144.829893,,
712,St Albans,,Griffin Law Firm,-37.7440588,144.7974499,,
713,Gladstone Park - Westmeadows,,Ford Legal,-37.68821399999999,144.884954,,
714,Braybrook,,Law Partners - Personal Injury Lawyers Maidstone,-37.7787094,144.8763725,,
715,St Albans,,Monica Shamon Lawyers,-37.7423695,144.8005856,,
716,Gladstone Park - Westmeadows,,Gladstone Park Conveyancing,-37.688557,144.883216,,
717,Niddrie,,State Claims,-37.735676,144.88894409999997,,
718,Taylors Hill,,Better Place Australia Caroline Springs,-37.7111395,144.738443,,
719,Keilor,,Rodriguez Family Lawyers,-37.7187721,144.8357197,,
721,Niddrie,,Conveyancing Melbourne Suburbs,-37.736925,144.89231,,
722,Sunshine,,Devonshire Conveyancing,-37.785012200000004,144.8324907,,
727,Strathmore,,MACLEGAL (incorporating MCF Lawyers),-37.737604,144.906375,,
729,Essendon - Aberfeldie,,McNab McNab & Starke Lawyers,-37.744265999999996,144.909092,,
730,Essendon - Aberfeldie,,Wills At Your Home Wills Essendon,-37.753125,144.909545,,
751,Essendon - Aberfeldie,,Hughes Legal,-37.738526,144.89482900000002,,
755,Essendon - Aberfeldie,,Robert M Phelan & Co,-37.755911,144.911378,,
769,Taylors Lakes,,Aberdeen Lawyers,-37.694461,144.781703,,
828,Sunshine,,Andrew George Solicitors,-37.785687,144.832479,,
829,Sunshine,,Shine Lawyers,-37.785414,144.832861,,
831,Sunshine,,Sunshine Family Relationship Centre,-37.7866058,144.83264269999998,,
832,Deer Park - Derrimut,,AAAA Low Cost Conveyancing,-37.770536,144.773495,,
835,Deer Park - Derrimut,,Angelowitsch & Associates,-37.770470399999994,144.7745198,,
837,St Albans,,St Albans Conveyancing,-37.737452000000005,144.81376,,
838,Keilor East,,Essendon & Suburbs Conveyancing Services,-37.742655,144.861972,,
839,St Albans,,KPT Conveyancing Services,-37.745067999999996,144.80935209999998,,
876,Newport,,Viclaw Lawyers,-37.840877500000005,144.88268469999997,,
896,Melton,,Brimbank Melton Community Legal Centre,-37.6849219,144.58204819999997,,
900,Keilor East,,MMH Lawyers,-37.7689961,144.8645937,,
913,Sunshine,,Slater and Gordon Lawyers,-37.7861524,144.83303490000003,,
954,Sunshine North,,M&M Services Pty Ltd,-37.7733886,144.8294895,,
955,Sunshine,,Marcou & Associates Lawyers,-37.785607,144.831645,,
957,Keilor Downs,,faid Conveyancing Services,-37.739483,144.8242595,,
959,St Albans,,Agricola Wunderlich & Associates,-37.7434494,144.8004813,,
1021,Tarneit,,Star Migration Services,-37.8554179,144.6496419,,
1024,Werribee,,Tony Hannebery Lawyers,-37.9029624,144.66345969999998,,
1027,Werribee,,Arnold Thomas Becker Werribee Office,-37.901162,144.661235,,
1028,Truganina,,Johnston Construction Lawyers,-37.857795,144.734294,,
1029,Werribee,,Perfect Conveyancing,-37.9024631,144.66119740000002,,
1031,Hoppers Crossing,,Thelma Palbas & Associates,-37.87970869999999,144.703947,,
1037,Werribee,,Callea Pearce Lawyers,-37.90112620000001,144.6619605,,
1038,Werribee,,Slater and Gordon Lawyers,-37.9031428,144.65772719999998,,
1039,Werribee,,Your Solicitor,-37.872214,144.66153300000002,,
1040,Point Cook,,Law Partners - Personal Injury Lawyers Point Cook,-37.8836122,144.7351052,,
1041,Werribee,,Amato Emanuel & Sons Process Service Agency,-37.90916,144.67345600000002,,
1042,Wyndham Vale,,FMC Mediation and Counselling Wyndham Vale,-37.871673,144.6131763,,
1044,Werribee,,De Marco Lawyers,-37.899829,144.661708,,
1047,Hoppers Crossing,,LifeWorks Relationship Counselling and Education Services,-37.870649,144.68348799999998,,
1051,Werribee,,Ryan Carlisle Thomas Lawyers,-37.901548999999996,144.661785,,
1052,Werribee,,Migration Worldwide - Werribee,-37.9013924,144.66313259999998,,
1053,Point Cook,,Hegedich & De Crescenzo Lawyers,-37.8827188,144.73551930000002,,
1056,Werribee,,Low Cost Conveyancing Services,-37.8773449,144.67768130000002,,
1057,Point Cook,,REALCHOICE CONVEYANCING SERVICES,-37.8921699,144.7229929,,
1058,Werribee,,Le Brun & Associates Law Firm - Solicitors and Divorce Lawyers,-37.902705700000006,144.6594239,,
1060,Melbourne,,Spagnol Legal,-37.816909,144.957245,,
1067,Melbourne,,Stesin Legal,-37.815724200000005,144.9627614,,
1075,Melbourne,,Immigration Agents Melbourne Free Advice - Graham Slater York Lawyers,-37.8158909,144.9588604,,
1079,Melbourne,,DWF (Australia),-37.815936,144.955989,,
1089,Melbourne,,Sierra Corporate Pty Ltd,-37.817305,144.959444,,
1093,Melbourne,,Noble Lawyers,-37.81450039999999,144.96003090000002,,
1112,Williamstown,,Berry Family Law,-37.857915000000006,144.891907,,
1115,Werribee,,Twigg Family Law,-37.9003729,144.6623729,,
1116,Maribyrnong,,McManus & Co Lawyers,-37.78362,144.89177800000002,,
1118,Point Cook,,Glaister Legal - Solicitors and Advisors,-37.9099987,144.7785496,,
1119,Newport,,LP Family Law,-37.829802,144.8817381,,
1142,Werribee,,Purcell & Purcell,-37.899877000000004,144.662946,,
1147,Werribee,,Western Legal & Conveyancing,-37.9013619,144.66301930000003,,
1163,Werribee,,SMP Legal,-37.899828899999996,144.661708,,
1164,Werribee,,Stary Norton Halphen Criminal Lawyers,-37.901385999999995,144.6621551,,
1192,Newport,,Newport Lawyers 2 U,-37.844225,144.86876,,
1195,Point Cook,,"Oceania Immigration - Hoppers Crossing, Point Cook, Tarneit, Werribee and Wyndham Vale",-37.9178086,144.7477259,,
1196,Altona,,Mason Worth - Law & Conveyancing,-37.8686643,144.8302724,,
1199,Altona,,House & Land Conveyancing Services,-37.86965199999999,144.82847719999998,,
1209,Werribee,,Mantello Lawyers,-37.89955629999999,144.66422649999998,,
1229,Point Cook,,Safra Conveyancing - Fixed Price & Low Cost Services,-37.906110999999996,144.74463909999997,,
1231,Point Cook,,Sanctuary Lakes Resort Services Ltd,-37.896280100000006,144.76163200000002,,
1232,Altona,,Peter W Johnson,-37.869933,144.811283,,
1241,Werribee,,Coolabah Law Chambers,-37.891669,144.656572,,
1280,St Albans,,Bogunovic Lawyers,-37.742545,144.801265,,
1328,Werribee,,Rigoli Lawyers,-37.9029701,144.65795590000002,,
1634,Meadow Heights,,Meadow Heights Conveyancing Services,-37.641145,144.913285,,
1657,Glenroy,,Melbourne Injury Lawyers,-37.706233399999995,144.91683899999998,,
1713,Sunbury,,McClure Law,-37.576590100000004,144.7276664,,
1718,Hillside,,AA Conveyancing Services,-37.703103000000006,144.746668,,
1768,Sunbury,,McNab McNab & Starke Lawyers,-37.5827594,144.728336,,
1872,Craigieburn,,G&G Legal,-37.598017299999995,144.94053069999998,,
2020,Yarra,,Sinclair + May,-37.788777,144.991494,,
2025,Coburg,,MLG Lawyers - Melbourne Legal Group,-37.7514415,144.9650354,,
2026,Thornbury,,Phoenix Legal Solutions,-37.7618714,144.9997719,,
2029,Brunswick,,Russo and Russo,-37.7743787,144.9610034,,
2031,Northcote,,Northcote Lawyers & Associates,-37.7792909,144.99720269999997,,
2035,Northcote,,Northcote Lawyers & Associates,-37.768142,144.991121,,
2039,Coburg,,Brunswick Lawyers,-37.74547099999999,144.96608600000002,,
2068,Craigieburn,,Atlas Legal,-37.590880600000006,144.9173717,,
2070,Preston,,Elamine Lawyers,-37.7468901,145.0083062,,
2095,Moonee Ponds,,Le Brun Lawyers Moonee Ponds,-37.7719674,144.9263858,,
2099,Coburg,,Go To Court Lawyers,-37.74871419999999,144.96553380000003,,
2110,Reservoir,,Natoli Howell,-37.715534999999996,145.006418,,
2151,Thomastown,,Rangi Lawyers,-37.680876,145.013518,,
2152,Campbellfield - Coolaroo,,Zeno Lawyers,-37.666742299999996,144.9478139,,
2157,Coburg,,Lynette Smyth,-37.745827,144.977815,,
2159,Preston,,TBA Law Preston,-37.729332,144.991331,,
2268,Glenroy,,Ryan Carlisle Thomas Lawyers,-37.7049678,144.918015,,
2271,Roxburgh Park - Somerton,,Zora Law,-37.6371631,144.93392450000002,,
2274,Essendon - Aberfeldie,,NANSCAWEN LAWYERS,-37.75554,144.91980700000002,,
2275,Glenroy,,Pearsons Lawyers,-37.706757,144.9165696,,
2277,Craigieburn,,Allskills Recruitment & Migration Services,-37.5895516,144.8946771,,
2278,Essendon - Aberfeldie,,Nicholas James Lawyers,-37.755848,144.918686,,
2288,Craigieburn,,Atlas Legal,-37.5908727,144.9173716,,
2314,Preston,,James McDermott Family Law Accredited Specialist,-37.7451034,145.00116519999997,,
2351,Heidelberg West,,Chester Metcalfe & Co,-37.749458399999995,145.0429399,,
2386,Epping,,Waters & Co. Lawyers,-37.649981,145.025295,,
2397,Preston,,Kerdo Legal,-37.7467532,145.0081639,,
2422,Craigieburn,,Maurice Blackburn Lawyers,-37.594567100000006,144.91423799999998,,
2425,Taylors Lakes,,MS Justice Legal,-37.702121000000005,144.800587,,
2428,Epping,,Ryan Carlisle Thomas Lawyers,-37.644417,145.02590990000002,,
2430,Preston,,Australian Real Estate Conveyancing Services,-37.738685100000005,145.0046215,,
2435,Epping,,Slater and Gordon Lawyers,-37.659182,145.020139,,
2436,Lalor,,Collards Barristers & Solicitors,-37.673596,145.01626399999998,,
2437,Ringwood,,Victoria Legal Aid Ringwood,-37.8138314,145.2272518,,
2438,Lalor,,Abundant Conveyancing Services,-37.672518,145.017819,,
2439,Craigieburn,,PMP Conveyancing Services,-37.5717139,144.9132006,,
2454,Epping,,Adviceline Injury Lawyers,-37.653731,145.020175,,
2458,Lalor,,Costanzo Lawyers,-37.672336,145.016375,,
2470,Caulfield,,Goldberg Family Law Mediation,-37.8726859,145.0225976,,
2482,Mount Waverley,,Express & Co Lawyers,-37.900588799999994,145.1415056,,
2488,Malvern - Glen Iris,,Testart Family Lawyers,-37.8459492,145.0389885,,
2492,Clayton,,MOLS,-37.9096739,145.1282565,,
2494,Hughesdale,,Migration Law Matters,-37.9091189,145.084814,,
2499,Prahran - Windsor,,Luscombe Immigration Law Services,-37.8540304,144.99048630000001,,
2718,Richmond,,Hammersmith Lawyers,-37.818713,145.002746,,
2719,Heidelberg - Rosanna,,DWF Adjusting (Australia) Pty Ltd,-37.7569429,145.0697727,,
2754,Kew,,Resolution Legal Melbourne,-37.8086,145.027509,,
2789,Glenroy,,Ozer Lawyers,-37.705039500000005,144.915421,,
2795,Hadfield,,Fast Process Service,-37.710999,144.95146599999998,,
2799,Pascoe Vale,,Sarah Jefford - Family & Surrogacy Lawyer,-37.732494,144.9473782,,
2862,Mill Park,,ANTHONYS SOLICITORS,-37.66767279999999,145.0617948,,
2870,Bundoora,,Callahans Lawyers,-37.6944295,145.0600647,,
2874,Thomastown,,Aussizz Migration Agents & Education Consultants in Thomastown - Aussizz Group,-37.6799939,145.01369499999998,,
2875,Broadmeadows,,George Douglas & Co Pty,-37.682698200000004,144.91461809999998,,
2878,Tullamarine,,Gladstone Process Service & Enquiry Agents,-37.70074,144.882613,,
2879,Craigieburn,,Northern Conveyancing Services,-37.572395,144.91229099999998,,
2903,Craigieburn,,VT Conveyancing,-37.57192910000001,144.9179324,,
2905,Thomastown,,John Dellios & Associates,-37.680881,145.013307,,
2908,Craigieburn,,"Brilliant Migration Club Pty LTD - Migration & Student Visa Consultant in Craigieburn, Melbourne.",-37.60318700000001,144.931218,,
2909,Thomastown,,Vantage Bay Conveyancing & Financial Services,-37.680549,145.01339099999998,,
2910,Craigieburn,,Satluj Immigration Consultancy Services Pty Ltd,-37.605789,144.919759,,
2914,Lalor,,Leading Conveyancing,-37.66523970000001,144.98560319999999,,
2916,Epping,,Shine Lawyers,-37.6517923,145.0186358,,
2919,Craigieburn,,Arnold Thomas & Becker Lawyers,-37.59863620000001,144.93916819999998,,
2936,Lalor,,Dreadnought Document Service,-37.66975499999999,145.021816,,
2957,Box Hill,,Eastern Community Legal Centre,-37.8196234,145.1269531,,
2958,Gisborne,,ConnectLaw Legal Services,-37.466989,144.60724,,
2959,Gisborne,,Ranges Legal,-37.4865576,144.587486,,
3307,Heidelberg - Rosanna,,Morgan Legal,-37.7562919,145.0692365,,
3309,Ivanhoe East - Eaglemont,,FERDINAND ZITO & ASSOCIATES : LEGAL PRACTITIONERS,-37.772563899999994,145.0592649,,
3311,Heidelberg - Rosanna,,Boutique Legal Pty Ltd,-37.743649600000005,145.0660878,,
3312,Ivanhoe East - Eaglemont,,Crea Legal,-37.763553,145.054317,,
3313,Kew,,MH Legal Advisors,-37.801312,145.030748,,
3314,North Melbourne,,Newland Migration,-37.8059071,144.9549399,,
3318,Doncaster,,COOPER AND SANDERS LEGAL,-37.7833195,145.10278459999998,,
3319,Greensborough,,First Class Legal,-37.7041974,145.1013346,,
3327,Balwyn North,,Patten Robins Lawyers,-37.79275379999999,145.07067849999999,,
3335,Balwyn North,,GSSR Legal,-37.792465500000006,145.06892480000002,,
3343,Greensborough,,Charles Tinney & Associates,-37.701302,145.106701,,
3354,Ivanhoe,,Adams Maguire Sier,-37.768004499999996,145.0435261,,
3356,Bundoora,,Rick Norwood Legal,-37.69756599999999,145.0782428,,
3358,Greensborough,,Greensborough Family Relationship Centre,-37.7046323,145.10218940000001,,
3373,Greensborough,,David Stagg Tonkin & Co Barristers & Solicitors,-37.7044506,145.10629680000002,,
3392,Preston,,James McDermott & Associates,-37.7438474,145.0032445,,
3398,Coburg,,Haitch Legal,-37.7432804,144.9658064,,
3419,Preston,,Empire Migration Consultants,-37.7469884,145.00826740000002,,
3424,Mill Park,,"HDH Legal - Conveyancing, Leases and Businesses",-37.651849600000006,145.08537130000002,,
3432,Mill Park,,Law Partners - Personal Injury Lawyers South Morang,-37.6517556,145.0859519,,
3436,Bundoora,,M&M Conveyancing Services Pty Ltd,-37.701187,145.065452,,
3459,Montmorency - Briar Hill,,RF LEGAL,-37.716678,145.120867,,
3489,Doncaster East,,Plaza Legal,-37.7867889,145.1443952,,
3631,Bundoora,,ML Law Hub,-37.6797198,145.07144480000002,,
3651,Ivanhoe,,Rush & Failla,-37.7682873,145.0425764,,
3658,Heidelberg - Rosanna,,Doogue + George Criminal Lawyers Heidelberg,-37.7561467,145.0670049,,
3691,Templestowe,,Stern Legal​,-37.7567961,145.1301551,,
3697,Alphington - Fairfield,,Dellios West & Co,-37.777159000000005,145.018784,,
3781,Hawthorn,,Chase Legal,-37.813649700000006,145.02337250000002,,
3792,Hawthorn,,GDM Legal & Conveyancing,-37.827302,145.03468,,
3803,Mitcham,,Corvus Group Australia,-37.8126224,145.2022354,,
3804,Richmond,,Easy Name Change,-37.828519,145.008959,,
3831,Balwyn North,,PFJS Lawyers,-37.800471,145.0980381,,
3875,Donvale - Park Orchards,,Victorian Legal Solutions Pty Ltd,-37.7967126,145.1797823,,
3879,Northcote,,VM Family Lawyers,-37.7709063,144.99886919999997,,
3904,Heidelberg - Rosanna,,McCormack's Legal Practitioners,-37.756605,145.06609509999998,,
3910,Eltham,,Lorraine Jones & Associates,-37.715346999999994,145.14824099999998,,
3912,Boronia,,Eastern Community Legal Centre,-37.861529600000004,145.2888117,,
3914,Heidelberg - Rosanna,,ASAP Lawyers,-37.756677,145.068594,,
3915,Eltham,,Carew Gartlan McClelland,-37.713719,145.149171,,
3943,Greensborough,,Ryan Mackey & McClelland,-37.702942,145.104494,,
3950,Doncaster,,Rodda Legal,-37.7854657,145.12621940000002,,
3951,Bulleen,,Petra Legal,-37.769428399999995,145.0962639,,
3953,Ivanhoe,,Templer Legal,-37.768757,145.043949,,
3954,Wattle Glen - Diamond Creek,,Ian Robertson Legal & Conveyancing,-37.669182,145.154987,,
3964,Box Hill North,,In House Property Conveyancing,-37.8020344,145.1120146,,
3965,Wattle Glen - Diamond Creek,,De Kever Spaulding Lawyers,-37.6691824,145.1549866,,
3975,Box Hill,,Lilliputian PTY Ltd.,-37.8208876,145.1235581,,
3980,Greensborough,,Burns & Tinney,-37.701305,145.106762,,
3981,Greensborough,,Maurice Blackburn Lawyers Greensborough,-37.704663000000004,145.101986,,
3986,Warrandyte - Wonga Park,,Rush & Hampshire Barristers & Solicitors,-37.7377323,145.2190774,,
3999,Kingsbury,,Doug Parker & Associates Lawyers,-37.712058,145.057198,,
4003,Eltham,,Bruce Arthur And Associates,-37.715515,145.15000600000002,,
4006,Greensborough,,Flitner & Company,-37.703404799999994,145.1039492,,
4007,Montmorency - Briar Hill,,James Partners Lawyers,-37.728464,145.1307514,,
4014,Greensborough,,Flitner TC Solicitors,-37.703332,145.103817,,
4018,Mill Park,,Irvine Lawyers,-37.651767799999995,145.08600969999998,,
4115,Camberwell,,JH Legal,-37.8485369,145.0811239,,
4116,St Kilda,,Franchise Legal,-37.8569291,144.98905390000002,,
4123,Balwyn,,Eastern Bridge,-37.8109178,145.0673236,,
4127,Melbourne,,Gilbert + Tobin,-37.814587,144.970667,,
4131,Wheelers Hill,,Kings Legal Services,-37.89349,145.17613,,
4169,Malvern East,,Boothby & Boothby,-37.875151200000005,145.0422836,,
4200,St Kilda,,MD Processing Service,-37.852749200000005,144.97969780000003,,
4223,Malvern - Glen Iris,,"Hartwell Legal - Incapacity, Wills & Estates Experts",-37.84495,145.038295,,
4231,Ringwood,,EACH,-37.814780999999996,145.22069,,
4235,Hawthorn East,,Barretts Lawyers,-37.844088,145.05406499999998,,
4237,,,Henley Legal Public Notary,-37.85033749999999,145.093374,,
4238,Toorak,,Mathews Family Law & Mediation Specialists,-37.848309,145.00626069999998,,
4239,Box Hill North,,Fraser Barrett Baird Lawyers,-37.807988200000004,145.1405036,,
4266,South Yarra,,CIE Legal,-37.8392402,144.9964685,,
4272,Camberwell,,Phalanx Legal,-37.8455483,145.0543725,,
4313,Caulfield,,Ellinson Legal,-37.866762,145.02635,,
4314,Ringwood,,Paul Vale Criminal Law,-37.8148724,145.2275024,,
4316,Box Hill,,Garry A Nicholson Legal Practitioner,-37.821049,145.12635500000002,,
4319,Ashburton,,TP Legal,-37.860904,145.083211,,
4332,Ringwood,,Aughtersons Solicitors,-37.8131525,145.23382769999998,,
4337,Surrey Hills,,Cfl,-37.815415,145.104605,,
4343,Oakleigh - Huntingdale,,Nicolaides and Associates Law Offices,-37.90051,145.091477,,
4346,Mount Waverley,,ALT - Legal Associates,-37.899242,145.14252,,
4348,Box Hill,,Castle Legal,-37.8207404,145.1229368,,
4349,Box Hill,,Goodman Group Lawyers Box Hill,-37.817454999999995,145.115904,,
4351,Box Hill North,,JOHN O'BRIEN & ASSOCIATES,-37.813318,145.13491000000002,,
4352,Ferntree Gully,,Mountain Gate Legal,-37.8843424,145.2738885,,
4353,Mulgrave,,Bizcom Legal,-37.9267579,145.1762197,,
4354,Nunawading,,Laudamus Lawyers,-37.820931099999996,145.1758007,,
4356,Ringwood,,DeLancey Legal,-37.8112831,145.2266247,,
4358,Box Hill,,Apac Legal,-37.818608000000005,145.122497,,
4361,Mount Waverley,,Dyason Legal,-37.8992266,145.142598,,
4363,Croydon,,Remington Wright & Co,-37.795195,145.28221000000002,,
4365,Hawthorn,,Moores,-37.8206744,145.0223392,,
4366,Doncaster East,,Sally Nicolazzo & Associates,-37.788426,145.14963,,
4367,Ferntree Gully,,Ross Legal Pty Ltd,-37.893606,145.306825,,
4368,Wantirna South,,Metropolitan Solicitors,-37.870397499999996,145.2381249,,
4373,Croydon,,Croydon Conveyancing Services,-37.793858,145.281882,,
4380,Ringwood,,Worrells Solvency & Forensic Accountants,-37.8115342,145.2358039,,
4381,Ringwood,,Michael J Gleeson & Associates,-37.813534000000004,145.226953,,
4383,Croydon,,CCS,-37.793238099999996,145.2823006,,
4385,Ringwood,,YourLawyer Pty Ltd,-37.8145826,145.2202578,,
4386,Donvale - Park Orchards,,Madison Sloan Lawyers,-37.7798064,145.2170613,,
4388,Croydon,,Integra Strata Management,-37.796321999999996,145.281036,,
4389,Ringwood,,TSA Lawyers,-37.820054,145.21371000000002,,
4390,Lilydale - Coldstream,,Goodman Group Lawyers,-37.757992,145.351287,,
4391,Healesville - Yarra Glen,,O'Brien & Black Lawyers,-37.654548,145.514382,,
4392,Ringwood,,Maurice Blackburn Lawyers Ringwood,-37.816854,145.22496,,
4393,Lilydale - Coldstream,,Paul B Connor Solicitor,-37.758041,145.350412,,
4394,Ringwood East,,Richard Wood Solicitors,-37.8132958,145.2476685,,
4396,Croydon,,Jenny L Stephenson Lawyer,-37.801844,145.27648,,
4397,Ringwood,,Smoorenburg Patent & Trade Mark Attorneys,-37.814147999999996,145.2314772,,
4399,Lilydale - Coldstream,,RNG Lawyers,-37.7575186,145.3479764,,
4400,Mooroolbark,,Wright Conveyancing Service,-37.768184999999995,145.326142,,
4401,Ringwood East,,Mulligan Family and Divorce Lawyers,-37.81220220000001,145.2509116,,
4402,Boronia,,Eugene Naidoo & Associates,-37.859701,145.28869680000003,,
4403,Mooroolbark,,Beaumont Lawyers,-37.785323999999996,145.312434,,
4406,Ringwood,,Better Place Australia Ringwood,-37.80646460000001,145.2424294,,
4408,Monbulk - Silvan,,Arthur Kapantzian Barrister & Solicitor,-37.87746,145.417757,,
4410,Ringwood,,Radebe & Associates,-37.816265,145.220429,,
4413,Mooroolbark,,Yarra Ranges Lawyers,-37.783728,145.312402,,
4414,Lilydale - Coldstream,,Yarra Valley Process Service,-37.754956400000005,145.38172880000002,,
4415,Lilydale - Coldstream,,RNG Lawyers,-37.757591999999995,145.347928,,
4416,Mooroolbark,,Tile Layer Services,-37.759997,145.31631399999998,,
4417,Croydon,,Just Law | Building Dispute Lawyer,-37.7981493,145.2810698,,
4418,Croydon,,Belmar Conveyancing Services,-37.797552100000004,145.28054550000002,,
4419,Mooroolbark,,GLN Conveyancing Services,-37.7851756,145.3159503,,
4596,Bentleigh - McKinnon,,Prior Law,-37.911062,145.04061000000002,,
4598,Blackburn,,First Class Legal,-37.820031,145.1532688,,
4599,Hawthorn East,,MELCA,-37.825293200000004,145.0492261,,
4600,Clayton,,JK Lawyers,-37.910119,145.14599199999998,,
4603,Oakleigh - Huntingdale,,RB Flinders Lawyers Oakleigh,-37.899201,145.089341,,
4606,Glen Waverley,,GE Law Services,-37.881803999999995,145.16385209999999,,
4607,Clayton South,,안수산 변호사 Trinity A Law,-37.9295174,145.12232769999997,,
4612,Surrey Hills,,Sky Legal Lawyers,-37.826756,145.0867081,,
4618,Malvern - Glen Iris,,Peter Speakman & Co Pty Lawyers,-37.8533944,145.0427547,,
4621,Caulfield,,Ashmor Legal Pty Ltd,-37.8745527,145.02455830000002,,
4628,Caulfield,,Cyngler Kaye Levy Lawyers,-37.872392,145.023864,,
4674,Armadale,,LGM Advisors,-37.8559777,145.02633459999998,,
4676,,,Livaditis Lawyers,-37.861932200000005,145.0651253,,
4678,Caulfield,,BOND NATIONAL - Negotiating for best outcomes,-37.874409,145.024669,,
4691,Mount Waverley,,HLA Legal,-37.876396899999996,145.14709419999997,,
4721,Mount Waverley,,Allied Lawyers & Conveyancing,-37.878476,145.128863,,
4787,Malvern - Glen Iris,,Global Brand Protection,-37.8533386,145.0439046,,
4791,Boronia,,Parkers Legal,-37.861332,145.302765,,
4832,Boronia,,Mackinnon Jacobs Lawyers,-37.862117,145.283118,,
4872,Ferntree Gully,,Zenith Lawyers & Consultants,-37.881572,145.27928899999998,,
4878,Doncaster East,,Starnet Legal,-37.7892078,145.1597023,,
4912,Oakleigh - Huntingdale,,Dandanis & Associates,-37.898672999999995,145.0903265,,
4919,Glen Waverley,,Cumberbatch and Williams Lawyers,-37.868714000000004,145.164325,,
4942,Mount Waverley,,Hicks Oakley Chessell Williams,-37.8941492,145.1307062,,
4952,Balwyn,,Grice Legal,-37.812326,145.078504,,
4958,Murrumbeena,,Tran Lawyers,-37.907632,145.0721301,,
4986,Mitcham,,Settle Easy Law,-37.816189,145.198358,,
4987,Box Hill,,Liberal Legal,-37.818529999999996,145.120505,,
4988,Box Hill,,Oakfair Lawyers,-37.82035,145.124322,,
4989,Boronia,,TEAM LAW,-37.8543629,145.29759230000002,,
4991,Box Hill,,FRANCIS LIM,-37.8185164,145.1245251,,
4992,Mitcham,,Mitcham Family Lawyers,-37.8170158,145.19310259999997,,
4993,Mount Waverley,,Goodman Group Lawyers Mt Waverly,-37.873224799999996,145.1478084,,
4995,Blackburn South,,To Legal,-37.832072,145.148224,,
4996,Glen Waverley,,Original Conveyancing Services,-37.880455,145.164089,,
4997,Mitcham,,MW Law,-37.816319,145.1961005,,
4998,Glen Waverley,,Discount Legal Conveyancing,-37.879413,145.16541,,
5024,Ringwood East,,Byways Conveyancing Service,-37.81925510000001,145.244279,,
31,Blackburn,,Bowlt Commercial Lawyers,-37.8194568,145.15409509999998,,
47,Blackburn,,Perry Weston,-37.8197484,145.1505502,,
54,Mount Waverley,,Hartleys Lawyers - Mt. Waverley,-37.873224,145.147802,,
58,Mount Waverley,,Aged Care Mediation Services,-37.862426,145.147482,,
81,Lilydale - Coldstream,,Ken Smith & Associates,-37.7570778,145.3599639,,
88,Blackburn,,Mccracken & Mccracken,-37.819469,145.154435,,
95,Knoxfield - Scoresby,,Anthony Raso & Associates,-37.8983018,145.2299554,,
99,Glen Waverley,,Sharrock Pitman Legal,-37.8809786,145.1612896,,
101,Ferntree Gully,,Anderson Partners,-37.888531,145.292701,,
114,Nunawading,,William Archer Defence Lawyers,-37.8219292,145.1756591,,
115,Ringwood,,Go To Court Lawyers,-37.8152969,145.2202352,,
116,Glen Waverley,,Rayner Song Family Lawyers,-37.879158000000004,145.16427099999999,,
117,Bayswater,,Ryan Carlisle Thomas Lawyers,-37.841322999999996,145.261324,,
118,Glen Waverley,,Monash Law,-37.88072200000001,145.18665,,
134,Mount Evelyn,,Kieran Cox,-37.787569399999995,145.37965309999998,,
153,Mount Evelyn,,Eastern Conveyancing,-37.7864537,145.36964369999998,,
165,Mitcham,,Settle Easy Law,-37.816168700000006,145.1983755,,
167,Ringwood,,Holt & Macdonald,-37.8146895,145.223763,,
169,Boronia,,Metropolitan Conveyancing Services,-37.8625828,145.2878509,,
170,Mitcham,,Bonaj Consultants,-37.817015999999995,145.193103,,
171,Boronia,,G a&C J Law,-37.850433,145.30338999999998,,
172,Wantirna South,,Ballards Solicitors,-37.870287,145.237822,,
176,Croydon,,DCG Lawyers & Consultants,-37.787252,145.27508600000002,,
184,Mount Evelyn,,Jim’s Conveyancing,-37.7851735,145.3783061,,
195,Blackburn,,Vlahos & Associates Lawyers,-37.818399799999995,145.16188,,
223,Doncaster East,,Costanzo Lawyers Melbourne,-37.781112,145.16306699999998,,
224,Croydon,,South East Lawyers,-37.7938935,145.28243759999998,,
225,Ringwood,,Dribbin & Brown Criminal Lawyers,-37.813841,145.226953,,
227,Boronia,,David Wilkinson & Co,-37.844921500000005,145.2993384,,
238,Doncaster East,,Lawson Bayly Lawyers & Migration Agents,-37.7812,145.165652,,
296,Glen Waverley,,Dispute Over Mediation Services,-37.880967,145.16128500000002,,
299,Blackburn,,Mahons with Yuncken & Yuncken Lawyers,-37.816114,145.157002,,
342,Boronia,,Robert Wood and Associates,-37.8597861,145.2881983,,
348,Ringwood,,Devenish Lawyers,-37.813840899999995,145.226953,,
353,Kilsyth,,Alpass & Associates,-37.801629,145.309439,,
357,Boronia,,Robert I. Wood,-37.8597997,145.2882112,,
359,Wantirna,,Skilled Conveyancing Services PTY Ltd.,-37.847762100000004,145.2326893,,
363,Healesville - Yarra Glen,,Eastern Community Legal Centre Inc,-37.6529473,145.51727230000003,,
373,Lilydale - Coldstream,,Johnstone and Reimer Lawyers,-37.756916100000005,145.3537349,,
376,Croydon,,Forrest Legal,-37.794182,145.281841,,
382,Ringwood East,,Del Monaco Wootton & Co,-37.82813370000001,145.2468692,,
388,Lilydale - Coldstream,,Williams & Lay Lawyers,-37.7567593,145.3532271,,
395,Ringwood East,,MJ Legal,-37.802793,145.25313799999998,,
398,Lilydale - Coldstream,,Di Battista & Co,-37.7580247,145.3521743,,
670,St Kilda,,Legal Zebra,-37.8575963,144.98372949999998,,
672,South Yarra,,HR Legal,-37.843396000000006,144.996672,,
676,Bentleigh - McKinnon,,Dunstan & Raftis,-37.911031,145.03941,,
679,Cheltenham,,Currie Law,-37.948457399999995,145.04048899999998,,
716,Cheltenham,,Hassall's Litigation Services,-37.948963899999995,145.0430708,,
719,Bentleigh - McKinnon,,Dribbin & Brown Criminal Lawyers,-37.933011,145.036596,,
726,Kew,,Dennemeyer & Associates,-37.806828,145.033027,,
741,Cheltenham,,Lewis & Weir,-37.965441999999996,145.06726899999998,,
749,Cheltenham,,Better Place Australia,-37.9657201,145.057407,,
757,Bentleigh East,,Prior Law,-37.920464,145.055052,,
773,Springvale,,Felix A Vitiello,-37.941736,145.154464,,
782,Dandenong,,Australian Immigration & Citizenship Centre,-37.98686500000001,145.215407,,
791,Dandenong,,Victory Law,-37.9892072,145.2164118,,
792,Dandenong,,James Dowsley & Associates Pty Ltd,-37.989498,145.216142,,
794,Dandenong,,Slink & Keating,-37.989677,145.216081,,
798,Dandenong,,LEXTON LEGAL,-37.982434399999995,145.2111439,,
799,Dandenong,,Farris Legal,-37.986825200000006,145.2123097,,
802,Dandenong North,,Legoll Legal Practitioners,-37.969,145.21539199999998,,
803,Dandenong,,Belleli King & Associates,-37.988890999999995,145.215264,,
806,Dandenong,,Warna Legal,-37.9838122,145.2200733,,
808,Dandenong,,Dandenong Family Lawyers,-37.9847459,145.2112998,,
809,Springvale,,Loke & Associates,-37.9472333,145.1527815,,
813,Dandenong,,Axis Lawyers,-37.988483,145.21486399999998,,
817,Dandenong,,Taft Lawyers,-37.984224499999996,145.2116803,,
818,Dandenong,,Dribbin & Brown Criminal Lawyers,-37.9896685,145.2158013,,
824,Bentleigh - McKinnon,,Law To Your Door,-37.932953999999995,145.036751,,
897,Upwey - Tecoma,,DMAC Legal,-37.90412329999999,145.3313699,,
907,Dandenong North,,Waverley Legal & Conveyancing,-37.949616999999996,145.198158,,
961,Belgrave - Selby,,Armstrong Ross Lawyers,-37.9083905,145.3548159,,
972,Rowville,,JH Legal,-37.917684,145.2376582,,
1009,Wheelers Hill,,A.I.F Lucas & Co,-37.894117,145.188284,,
1030,Emerald - Cockatoo,,KLR Legal Services,-37.9296558,145.4449306,,
1035,Rowville,,Superior Conveyancing Services,-37.914038,145.25695530000002,,
1039,Rowville,,Patricia Hepworth,-37.917659,145.23787,,
1094,Mulgrave,,LEXTECH,-37.9374128,145.19287769999997,,
1116,Vermont South,,James Tan Immigration Consultants,-37.847949,145.183239,,
1117,Knoxfield - Scoresby,,Mathew James Lawyers,-37.8829839,145.23804280000002,,
1118,Ferntree Gully,,Argyle Conveyancing Services Pty Ltd,-37.8816026,145.27511830000003,,
1120,Dandenong,,Continental Migration Centre,-37.9877814,145.2135994,,
1143,Dandenong,,A. B. Natoli Lawyers,-37.98551399999999,145.210988,,
1144,Dandenong,,Wheeler Family Law,-37.984624,145.21121499999998,,
1145,Dandenong,,Go To Court Lawyers,-37.9854008,145.21381259999998,,
1151,Emerald - Cockatoo,,Scott Family Law,-37.98305209999999,145.39703889999998,,
1152,Dandenong,,Ram & Associates,-37.987511,145.216296,,
1153,Dandenong,,Just Family Law,-37.9847277,145.211098,,
1154,Dandenong,,Secure Conveyancing Services,-37.98697670000001,145.2024897,,
1156,Narre Warren North,,PGD Lawyers,-37.980821,145.315446,,
1159,Dandenong,,Fleming & Rhoden Lawyers,-37.987541,145.210571,,
1164,Dandenong,,Roberts Migration,-37.985396,145.221707,,
1173,Hallam,,Jay & Co Barristers and Solicitors,-38.005117,145.267088,,
1177,Dandenong,,State Trustees,-37.99043890000001,145.214283,,
1188,Emerald - Cockatoo,,Falcone & Adams,-37.9317358,145.44157959999998,,
1191,Endeavour Hills,,Kearney Stephen & Associates,-37.977982,145.261326,,
1194,Emerald - Cockatoo,,Buy and Sell Conveyancing Services,-37.930122,145.443843,,
1207,Emerald - Cockatoo,,AAB Lawyers,-37.929696,145.44523909999998,,
1221,Boronia,,Hounslow And Associates Lawyers,-37.8614632,145.2754211,,
1222,Hallam,,Alcore Conveyancing,-38.004740000000005,145.267175,,
1223,Bayswater,,Kerr & Thomas,-37.841839,145.26373230000002,,
1225,Boronia,,Hounslow & Associates,-37.861971000000004,145.283121,,
1233,Rowville,,Mackinnon Conveyancing,-37.9138213,145.25713080000003,,
1235,Belgrave - Selby,,Belgrave General Lawyers,-37.90916370000001,145.3536563,,
1236,Ferntree Gully,,Jasons Lawyers,-37.893799,145.306916,,
1237,Rowville,,Chandra Weerakoon,-37.904536,145.27381599999998,,
1239,Narre Warren,,just family law - Narre Warren.,-38.02483950000001,145.30532069999998,,
1381,Albert Park,,Khor & Burr Pty Ltd,-37.84968,144.979899,,
1389,Cheltenham,,Bayside Mediation,-37.9488643,145.044147,,
1393,Brighton,,Construction Expert Services - Expert Witness and Dispute Resolution,-37.9059446,145.0044671,,
1416,Elwood,,Ampersand & Ampersand Pty Ltd - Ampersand Legal & Ampersand Promotions,-37.875084,144.97831200000002,,
1434,Melbourne,,Kai Legal,-37.815453399999996,144.9634294,,
1556,Caulfield,,BANCROFT LAWYERS,-37.8790201,145.0154375,,
1566,Springvale,,May's Conveyancing,-37.950246,145.152997,,
1627,Malvern - Glen Iris,,Bartram Lawyers,-37.86377529999999,145.0501728,,
1628,Bentleigh - McKinnon,,Prior Law,-37.918824,145.04273500000002,,
1634,Cheltenham,,Kingston Lawyers,-37.967276,145.056127,,
1636,Moorabbin - Heatherton,,PCL Lawyers Moorabbin,-37.934523,145.045968,,
1637,Springvale,,Nathan Dorevitch Lawyers,-37.9503241,145.15303559999998,,
1638,Cheltenham,,de Kretser Law,-37.949152500000004,145.04421240000002,,
1646,Dandenong,,Quintessential Lawyers,-37.9869033,145.21244480000001,,
1676,Mount Waverley,,HDME Lawyers,-37.891643,145.144206,,
1759,Beaumaris,,MJS Law,-37.9936857,145.03932519999998,,
1777,Carrum Downs,,Peninsula Injury Lawyers,-38.0950314,145.157721,,
1786,Bentleigh East,,Horsfield & Associates Lawyers,-37.9295934,145.06449740000002,,
1794,Dandenong,,Ressan Lawyers,-37.9873217,145.21653510000002,,
1834,Narre Warren,,Chardon Legal,-38.026553,145.3045131,,
1872,Narre Warren,,Ryan Carlisle Thomas Lawyers,-38.026173,145.305221,,
1874,Lynbrook - Lyndhurst,,DDSS Legal Conveyancing,-38.057305,145.245978,,
1875,Chelsea Heights,,Victory Law,-38.03369,145.13474,,
1876,Hampton Park - Lynbrook,,"David Naidoo & Associates - Building and construction lawyers in Hampton Park, Melbourne",-38.03259449999999,145.2655557,,
1877,Narre Warren,,Better Place Australia Narre Warren,-38.025311200000004,145.3134373,,
1878,Dandenong,,Melbourne International Lawyers,-37.982539200000005,145.2110172,,
1914,Mordialloc - Parkdale,,Leonidas Lawyers,-37.994398,145.092186,,
1918,Oakleigh - Huntingdale,,Better Place Australia Chadstone,-37.89571180000001,145.09995569999998,,
1936,Narre Warren,,berwicklegal,-38.0228445,145.3133663,,
1945,Berwick,,Just Family Law - Berwick,-38.0313335,145.3446551,,
1946,Berwick,,Leyton-Palma Lawyers,-38.031669799999996,145.3457872,,
1951,Berwick,,Johnstone and Reimer Lawyers,-38.0316068,145.3456988,,
1955,Berwick,,Malkin Lawyers,-38.0322027,145.3458905,,
1974,Berwick,,Casey Legal,-38.026484,145.346459,,
1975,Berwick,,Moondarra Legal,-38.064763000000006,145.33008600000002,,
1998,Clayton,,"MJHC Legal, Lawyers",-37.910536,145.141526,,
2260,South Melbourne,,Gomez Lawyers,-37.8305284,144.9599095,,
2272,Albert Park,,Visatec Legal - Lawyers & Notary Public,-37.835908,144.97374299999998,,
2275,Albert Park,,Rosendorff Lawyers,-37.8384689,144.975597,,
2341,Brighton,,RMS Lawyers,-37.9044472,144.9952013,,
2390,Caulfield,,Bridges Immigration Law Solutions,-37.87982909999999,145.0230739,,
2395,Brighton East,,J.P. Cahill - Criminal Law Firm & Experts Melbourne,-37.9251079,145.0199929,,
2397,Brighton,,CE Family Lawyers,-37.90502600000001,144.9994241,,
2413,St Kilda East,,ALFREDS ATTORNEYS,-37.8686352,144.9905109,,
2418,Brighton,,Lipman James,-37.916191,144.995826,,
2422,Cheltenham,,Legal Transfers Conveyancing,-37.9462749,145.0223981,,
2423,Hampton,,Bayside Family Law Solutions,-37.9402414,145.0018379,,
2427,Brighton,,Lloyd Wright Legal,-37.904874299999996,144.9999548,,
2432,Bentleigh - McKinnon,,Ethnico Conveyancing & Financial Services,-37.9179114,145.0234137,,
2433,Brighton,,Bayside Collaborative,-37.90464,144.99940800000002,,
2434,Hampton,,HobanLegal,-37.9373598,145.00342980000002,,
2435,Brighton,,Goodman Group Lawyers Brighton,-37.9056469,144.9994383,,
2438,Bentleigh East,,Prior Law,-37.9205489,145.0550371,,
2469,Carnegie,,Gotcha Process Serving Agency,-37.8950779,145.05485019999998,,
2496,Dandenong,,F. R. Monotti and Co.,-37.9863604,145.21214540000003,,
2499,Murrumbeena,,Gladwin Legal,-37.907097,145.06809199999998,,
2544,Frankston,,Allied Lawyers & Conveyancing,-38.1440746,145.12102769999998,,
2548,Carrum Downs,,Complete Legal,-38.0975353,145.17069919999997,,
2553,Sandringham - Black Rock,,Burrell Family Law,-37.975680100000005,145.016503,,
2555,Dingley Village,,Dingley Conveyancing Services,-37.9825903,145.1312826,,
2557,Springvale,,Clifford Lawyers,-37.9523684,145.1520561,,
2573,Cheltenham,,Legal E Docs Pty Ltd,-37.963069,145.029723,,
2574,Moorabbin - Heatherton,,Gigliotti Lawyers Moorabbin,-37.9352249,145.0378761,,
2625,Cheltenham,,James Dowsley & Associates Pty Ltd,-37.9487034,145.04268480000002,,
2628,Carrum Downs,,"Nithyananda Vedic Cultural, Arts & Education Center",-38.0863971,145.18208169999997,,
2629,Mordialloc - Parkdale,,CCS Lawyers,-37.99293970000001,145.07820149999998,,
2630,Mulgrave,,Alphastream Lawyers,-37.932665,145.16100500000002,,
2631,Clayton,,Portelli & Co,-37.9240084,145.1203535,,
2633,Springvale,,Zed Law Springvale,-37.950641,145.149586,,
2634,Bentleigh - McKinnon,,Rotman & Morris,-37.93289499999999,145.036272,,
2638,Bentleigh - McKinnon,,Probate Excellence,-37.9179825,145.0325735,,
2639,Moorabbin - Heatherton,,Fincor Services Australia Pty lTD,-37.946834100000004,145.0576575,,
2670,Frankston,,Willerby's Solicitors & Conveyancers,-38.1389558,145.1227199,,
2672,Frankston,,PCL Lawyers Frankston,-38.142245,145.121547,,
2675,Frankston,,Dribbin & Brown Criminal Lawyers,-38.139154100000006,145.1235303,,
2676,Dandenong,,SB Solicitors + Notary,-37.9898557,145.2142225,,
2677,Frankston,,Taylor Family Law,-38.142418,145.12199219999997,,
2687,Frankston,,John Snodgrass & Associates,-38.142264000000004,145.1215867,,
2696,Frankston,,The Melbourne Conveyancing Centre,-38.143357,145.123482,,
2706,Frankston,,Bayside Solicitors Frankston,-38.138607,145.127402,,
2712,Dandenong,,Chris Woods & Associates,-37.984685600000006,145.2112491,,
2714,Mentone,,Cheltenham Conveyancing,-37.982707700000006,145.0709764,,
2715,Frankston North,,Better SEPARATIONS - Keeping people out of Family Court since 2009,-38.13330200000001,145.142676,,
2718,Seaford,,Michael Ongarello & Associates Pty Ltd,-38.1158367,145.14065980000004,,
2719,Edithvale - Aspendale,,James McConvill & Associates,-38.0445292,145.113471,,
2780,Carrum - Patterson Lakes,,DCA Lawyers,-38.0683278,145.14246830000002,,
2782,Frankston,,James Dowsley & Associates Pty Ltd,-38.142029,145.12572609999998,,
2783,Frankston,,Worrells Solvency & Forensic Accountants,-38.1424185,145.12198930000002,,
2784,Langwarrin,,Intense Impressions Photography,-38.194928000000004,145.18170700000002,,
2787,Frankston,,A Australian Conveyancing Co.,-38.1431922,145.1230121,,
2788,Carrum - Patterson Lakes,,DCA Lawyers,-38.068524100000005,145.1423616,,
2790,Frankston,,Monaco Compensation Lawyers Frankston,-38.142433399999994,145.121983,,
2792,Mount Eliza,,Lardners Solicitors,-38.1835,145.090352,,
2793,Frankston,,Terry Weerappah - Bayside Solicitors,-38.1385901,145.12740469999997,,
2795,Frankston,,Hounslow And Associates Lawyers,-38.141399299999996,145.12246389999999,,
2797,Frankston,,Frankston Family Relationship Centre,-38.143213,145.12270790000002,,
2801,Frankston,,Ryan Carlisle Thomas Lawyers,-38.14497009999999,145.12317240000002,,
2804,Cranbourne West,,Frank Giummarra,-38.098439,145.255044,,
2808,Langwarrin,,Peter Haberle,-38.147384,145.17383,,
2814,Seaford,,A1 Debt Assistance,-38.10002720000001,145.1258351,,
2815,Frankston,,Empowering Meditations,-38.141376,145.12244099999998,,
2816,Dandenong,,Avoid Bankruptcy,-38.033021999999995,145.192068,,
2817,Carrum - Patterson Lakes,,Relationship Resolution,-38.076456,145.122261,,
2818,Seaford,,Lisa Davies & Associates - Seaford,-38.1152899,145.1404499,,
2819,Frankston North,,Flat Fee Conveyancing Services,-38.154561,145.165422,,
2825,Mornington,,eConvey Conveyancing Specialists,-38.2183994,145.06304740000002,,
2827,Mornington,,PHAEDONOS LAW,-38.2258471,145.0418632,,
2829,Mornington,,AMT Legal,-38.226468700000005,145.04250080000003,,
2835,Mornington,,"Roberts Beckwith Partners,Beckwith C",-38.2215961,145.0406137,,
2836,Somerville,,Southern Peninsula Conveyancing,-38.22488860000001,145.1749863,,
2846,Mornington,,Life Solutions: Mornington Financial Advisor,-38.233739299999996,145.0572493,,
2850,Mornington,,Stidston Warren Lawyers,-38.221333,145.04045,,
2856,Somerville,,Guthrie & Associates,-38.22528000000001,145.1751218,,
2857,Mornington,,Australian Debt and Insolvency Solutions Pty Ltd (ADAIS),-38.2201317,145.0383755,,
2860,South Yarra,,TOD Legal,-37.8358609,144.99670659999998,,
2861,Frankston,,MDL Law,-38.1447289,145.1224312,,
2863,Mornington,,Anchorage legal,-38.225964000000005,145.04275900000002,,
2872,Mornington,,Sacha Raman Solicitor,-38.244667,145.048482,,
2874,Mornington,,Marshalls+Dent Lawyers Mornington,-38.2191526,145.0391734,,
2886,Frankston,,Go To Court Lawyers,-38.14348820000001,145.1204997,,
2888,Mornington,,Carroll Goldsmith Lawyers,-38.221438299999996,145.0401434,,
2892,Mornington,,Land Transfer Services - Mornington,-38.2206184,145.03987450000002,,
2895,Frankston,,LifeWorks Relationship Counselling and Education Services,-38.1428874,145.12299050000001,,
2897,Mornington,,Walls Bridges Lawyers,-38.2202591,145.0385545,,
2899,Frankston,,Goodman Group Lawyers Frankston,-38.1438826,145.12036669999998,,
2905,Cranbourne,,Sandercock & Cowie,-38.113539,145.284866,,
2906,Cranbourne,,Process All-Over,-38.1099995,145.2828575,,
2917,Langwarrin,,Silverthorn Conveyancing Langwarrin,-38.1513175,145.1971301,,
2918,Frankston,,Slater and Gordon Lawyers,-38.13987410000001,145.123169,,
2926,Cranbourne,,Ryan Carlisle Thomas Lawyers,-38.1100477,145.2835666,,
2933,Cranbourne,,Goodman Group Lawyers Cranbourne,-38.11042399999999,145.28354199999998,,
2950,Hallam,,Mark G Bramich,-38.004591999999995,145.267293,,
2951,Hampton Park - Lynbrook,,Aldgate Conveyancing,-38.034926,145.26586799999998,,
2984,South Melbourne,,Montague Legal,-37.837062,144.95368100000002,,
2990,South Melbourne,,Topdocs,-37.8330902,144.9717021,,
3053,Albert Park,,Health Legal Pty Ltd.,-37.8432242,144.9772825,,
3110,Caulfield,,Rickards Legal,-37.886581899999996,145.0202072,,
3144,Melton,,Adviceline Injury Lawyers,-37.682779100000005,144.5833075,,
3158,Bacchus Marsh,,Pauline Madden Conveyancing & Legal,-37.6758896,144.43654030000002,,
3164,Melton,,Conveyancing Melton $350.00 by Graham Slater & York Lawyers,-37.6871122,144.5920142,,
3165,Melton,,Maurice Blackburn,-37.682978999999996,144.5804663,,
3166,Melton,,Slater and Gordon Lawyers,-37.684033,144.5827791,,
3167,Melton,,Callea Pearce Lawyers,-37.6827847,144.5848408,,
3172,Bacchus Marsh,,P&M Lawford,-37.690576,144.479411,,
3177,Melton,,"Alfred J. Leckie Civil Celebrant - Marriage Celebrant, Weddings, Naming Ceremonies",-37.6072929,144.59553209999999,,
3178,Melton,,"Shamanic Rain Lifestyle Centre & Natural Living Cafe - Spiritual, Psychic, Crystals",-37.6933627,144.6000323,,
3179,Melton,,Quality Conveyancing Group CONVEYANCING,-37.682761299999996,144.583741,,
3181,Bacchus Marsh,,The Conveyancing Quarters,-37.675559,144.438146,,
3182,Bacchus Marsh,,Haines Conveyancing,-37.6752465,144.4374436,,
3188,Werribee,,Ebejer & Associates Lawyers,-37.901385999999995,144.664756,,
3195,Bacchus Marsh,,Jillian Thomas,-37.641729999999995,144.427854,,
3199,Bacchus Marsh,,Contact Lawyers,-37.680686,144.434662,,
3209,Bacchus Marsh,,Nevett Ford Lawyers Bacchus Marsh,-37.676277899999995,144.4394255,,
3219,Melton,,Cameo Conveyancing Victoria,-37.682629999999996,144.58010430000002,,
3262,Melton,,Better Place Australia Melton,-37.682928600000004,144.5792135,,
3264,Melton,,Homecall Conveyancing,-37.6834721,144.58410769999998,,
3266,Melton,,Robert D Taylor & Associates,-37.6840045,144.58279840000003,,
3274,,,BJT Legal,-37.5633645,143.8572347,,
3281,Bacchus Marsh,,Casa Conveyancing,-37.6757042,144.4354169,,
3287,Melton,,Ryan Carlisle Thomas Lawyers,-37.684315999999995,144.581759,,
3290,Melton West,,IMCS Inclusive Mediation & Counselling Services,-37.676096,144.558665,,
3295,Melton,,Hayden Legro,-37.6827016,144.585118,,
3300,Sunbury,,Wilkinson Lawyers,-37.5803113,144.72925790000002,,
3302,Sunbury,,Zina Clarence,-37.580259399999996,144.72864009999998,,
3304,Sunbury,,Blue Ridge Conveyancing,-37.579912,144.73054399999998,,
3312,Sunbury,,Knight & Associates,-37.580360999999996,144.72931,,
3319,Melbourne,,McNab McNab & Starke Lawyers,-37.81381,144.9559272,,
3354,Romsey,,"TBA Law Romsey, formerly James Kelleher Lawyers",-37.349550799999996,144.7431938,,
3356,Sunbury,,E.C. Conveyancing,-37.5791956,144.7291516,,
3367,,,JS Law Barrister and Solicitor,-37.35647650000001,144.52685060000002,,
3380,,,Mount Alexander Conveyancing Services,-37.111354,144.330079,,
3386,Wallan,,TBA Law Wallan,-37.4141468,144.9786264,,
3388,Riddells Creek,,Tolhurst Druce & Emmerson,-37.4636159,144.67772580000002,,
3391,,,Community Legal Centres(Vic,-36.3813261,145.3995382,,
3393,,,R. P. Hoban,-37.2919124,144.9507689,,
3394,,,Alan Hebb,-37.356949900000004,144.5282998,,
3395,Macedon,,Care Conveyancing,-37.3917953,144.5911704,,
3399,,,DeLacy Mediation,-37.178579,144.489396,,
3408,Macedon,,Noy Justine,-37.422292,144.567588,,
3410,Macedon,,Noy & Associates Lawyers,-37.422661,144.564576,,
3412,,,Paul Maginn,-37.2918859,144.95080159999998,,
3418,,,Victorian Aboriginal Legal Service Co-operative Ltd,-36.381551,145.39951000000002,,
3419,,,Loddon Campaspe Community Legal Centre,-36.75743320000001,144.2842009,,
3428,Sunbury,,Kavanagh Lawyers,-37.5796675,144.73072630000001,,
3538,Plenty - Yarrambat,,Better Place Australia Greensborough,-37.686,145.11700000000002,,
3543,Heidelberg - Rosanna,,Glenys Dolphin,-37.738285999999995,145.067838,,
3545,Preston,,Family Conveyancing Services,-37.737238,145.022216,,
3568,Greensborough,,Melbourne Mediation Centre,-37.702163299999995,145.1067083,,
3569,Plenty - Yarrambat,,Baillie Conveyancing Services,-37.6256422,145.1356012,,
3571,Greensborough,,MK Steele & Giammario,-37.70419649999999,145.1017656,,
3573,Mill Park,,Mahons with Yuncken & Yuncken,-37.667444399999994,145.0613108,,
3577,Mill Park,,BK Lawyers and Conveyancers,-37.6667636,145.06178640000002,,
3579,Bundoora,,Alan Burnes,-37.700362,145.059153,,
3582,Wattle Glen - Diamond Creek,,McCubbin Ian J & Assoc,-37.67325,145.15145900000002,,
3610,Lalor,,Sabdo & Associates Lawyers,-37.666328,145.02101399999998,,
3613,Thomastown,,Dellios West & Co,-37.680380799999995,145.0139294,,
3625,Thomastown,,LN Christie & Co,-37.68095599999999,145.01329199999998,,
3626,Epping,,D & M Lawyers,-37.649887299999996,145.0247656,,
3635,Whittlesea,,Glenister I & Associates,-37.5116766,145.1179086,,
3672,Whittlesea,,Northern Conveyancing Services,-37.511590999999996,145.117679,,
3710,Doreen,,De Maria & Associates Pty Ltd,-37.5868162,145.12690049999998,,
3783,Monbulk - Silvan,,Neesham White Gentle,-37.8743482,145.4070987,,
3862,Berwick,,Wollerman Shacklock Lawyers,-38.031741,145.34602900000002,,
3864,Berwick,,JDB Law,-38.031657,145.345994,,
3871,Narre Warren North,,Neal Collin & Associates,-38.002068,145.374086,,
3874,Yarra Valley,,Brockway Legal,-37.781323,145.614184,,
3878,Berwick,,Maxiom Injury Lawyers,-38.0422322,145.3457181,,
3884,Monbulk - Silvan,,Sargeants Yarra Ranges,-37.876973,145.453219,,
3888,Wandin - Seville,,Justin P Foster,-37.809509999999996,145.43001999999998,,
3910,Wandin - Seville,,Bruce Caldwell & Associates,-37.778128,145.459417,,
3929,Croydon,,Lawyers Conveyancing,-37.795949,145.282383,,
3932,Lilydale - Coldstream,,Crest Conveyancing,-37.757999,145.35132099999998,,
3977,Beaconsfield - Officer,,Bona Fide Lawyers,-38.046786,145.368446,,
4057,Pakenham,,Megan Copas Solicitor,-38.043031400000004,145.4373994,,
4058,Berwick,,McPhees Solicitors,-38.030336,145.346099,,
4059,Narre Warren,,Red Door Conveyancing,-38.0222609,145.31287619999998,,
4061,Narre Warren South,,Schimmelbusch & Mathrick Conveyancing Services,-38.041949,145.298501,,
4063,Berwick,,Neal Collin Lawyers,-38.0315566,145.3457305,,
4065,Narre Warren,,Dorota Sokolowski,-38.022750099999996,145.3122282,,
4137,Cranbourne North,,Melbourne International Lawyers,-38.084848,145.317505,,
4156,Cranbourne,,First Class Legal,-38.111074200000004,145.28340930000002,,
4174,Beaconsfield - Officer,,Conveyancing Pakenham $350.00 by GSY Lawyers,-38.0650619,145.43391509999998,,
4183,Berwick,,Casey Business Lawyers,-38.031474100000004,145.3459985,,
4207,Pakenham,,Pakenham Conveyancing,-38.07739779999999,145.482025,,
4229,Pakenham,,Ryan Carlisle Thomas Lawyers,-38.0776,145.48240900000002,,
4236,Pakenham,,My Legal Crunch Lawyers,-38.072908700000006,145.4771881,,
4243,Cranbourne,,Gorman & Hannan,-38.11156,145.28298130000002,,
4244,Pakenham,,Thornton Immigration,-38.0770374,145.482462,,
4248,Pakenham,,Reale Lawyers,-38.076690500000005,145.4831819,,
4274,Pakenham,,CLAIRE MILES CONVEYANCING,-38.072905600000006,145.4772148,,
4289,,,Simon Parsons & Co.,-38.161846000000004,145.9404364,,
4290,,,Neil Freestone,-38.13971400000001,145.962399,,
4291,,,M. Davine,-38.166273,145.94016630000002,,
4293,,,Better Place Australia Warragul,-38.161736100000006,145.9357653,,
4296,,,Ian Brooks,-38.1635083,145.9296313,,
4298,Pakenham,,Strata Conveyancing Services,-38.077719099999996,145.4825046,,
4299,Pakenham,,Duffy & Simon,-38.077011999999996,145.4826345,,
4300,Pakenham,,Scott Family Law,-38.058823600000004,145.4784405,,
4301,Pakenham,,Mepstead Lawyers,-38.0776751,145.4820675,,
4304,,,Wakefield & Vogrig Lawyers - Sabina Wakefield,-38.160140500000004,145.9333566,,
4307,Bunyip - Garfield,,King Legal Group,-38.098172999999996,145.720855,,
4308,,,Kevin Davine & Sons,-38.159502200000006,145.9315541,,
4310,,,Miceal Ambrose Lawyers,-38.1600594,145.9337226,,
4311,,,SJD Law - Lawyers & Conveyancers,-38.16332,145.93084130000003,,
4313,,,Wakefield Vogrig & Boote Lawyers,-38.136461100000005,145.8588969,,
4317,,,Bowers Conveyancing Services,-38.163521100000004,145.92993959999998,,
4319,,,Richard Connelly Lawyer,-38.16123169999999,145.9363179,,
4321,,,Property Conveyancing Group,-38.1369135,145.858201,,
4322,,,Mka Hamilton & Telford,-38.1371864,145.85829230000002,,
4324,Pakenham,,Animal Expert Witness,-38.04249779999999,145.5030961,,
4325,,,Wakefield Vogrig & Boote Lawyers,-38.1601155,145.9340621,,
4377,Langwarrin,,All Day Conveyancing,-38.157522,145.198204,,
4379,Frankston,,Maurice Blackburn Lawyers Frankston,-38.14061299999999,145.1218504,,
4380,Frankston,,Anna V Araneta,-38.137515,145.12398000000002,,
4381,Frankston,,Monarch Conveyancing,-38.1347922,145.12373459999998,,
4382,Frankston,,Conveyancing Melbourne - Victorian Property Settlements,-38.14342429999999,145.123568,,
4384,Frankston,,Monarch Conveyancing,-38.13045,145.1256971,,
4386,Langwarrin,,Saker Conveyancing,-38.1464671,145.1914126,,
4441,Hastings - Somers,,Matrix Conveyancing,-38.2948461,145.18673769999998,,
4451,Mornington,,Hill Legal,-38.236098999999996,145.06094,,
4454,,,"Leonard & Associates, Lawyers",-38.4508234,145.2386392,,
4472,Hastings - Somers,,JKB Lawyers,-38.307082,145.1936647,,
4480,Mornington,,Hunt McCullough Kollias & Co,-38.221936,145.040844,,
4517,,,David Luscombe & Associates,-38.449969,145.239509,,
4518,,,Justice Road Farm - First Release,-38.462125,145.209131,,
4519,Somerville,,Peninsula Law - Tyabb,-38.2606995,145.19015339999999,,
4520,Rosebud - McCrae,,GZ Conrad,-38.3508897,144.94273590000003,,
4542,Mornington,,marshalls+dent+wilmoth lawyers Mornington,-38.219188700000004,145.03890769999998,,
4567,Mornington,,Seachange Property Real Estate,-38.2320451,145.05816719999999,,
4572,Somerville,,Walsh Conveyancing,-38.224044799999994,145.1765687,,
4573,Mornington,,Tick Box Conveyancing - Mornington Conveyancing,-38.2216125,145.0404629,,
4574,Somerville,,Brendan Bastin,-38.2319419,145.165447,,
4575,Dromana,,Sargeants Southern Peninsula,-38.30819,144.995771,,
4576,Dromana,,Hidden Harbour - MP Conveyancing ( Safety Beach ),-38.312324,145.002998,,
4577,Mount Eliza,,Port Phillip Conveyancing - Mt Eliza Branch,-38.1830869,145.0908099,,
4578,Somerville,,Conveyancer Frankston,-38.224068,145.17658500000002,,
4579,Mornington,,JG Nixon PTY Ltd.,-38.212825,145.052069,,
4580,Mount Martha,,Mather Gaile,-38.275377299999995,145.0117664,,
4581,Frankston,,Conveyancing Frankston $350.00,-38.154498700000005,145.1312132,,
4582,Mornington,,Tick Box Conveyancing - Mornington Conveyancing,-38.221583,145.04057,,
4600,Mornington,,Alesci Lawyers,-38.217829200000004,145.0368253,,
4607,Mount Martha,,Results Debtor Management,-38.249311,145.047989,,
4639,Dromana,,Sargeants Southern Peninsula,-38.3313932,144.96884350000002,,
4707,Mornington,,Peninsula Injury Lawyers,-38.226532500000005,145.0426638,,
4716,Mornington,,Roberts Beckwith Partners,-38.22157079999999,145.04060819999998,,
4786,Cranbourne,,Waters Lawyers,-38.112925399999995,145.28459009999997,,
4818,Narre Warren,,Arnold Dallas Mcpherson,-38.023488,145.313762,,
4819,Narre Warren,,Gateway Lawyers (Australia) PTY LTD,-38.0249405,145.31546609999998,,
4843,Cranbourne,,Slater and Gordon Lawyers,-38.1101291,145.2836812,,
4844,Cranbourne East,,Prestige Lawyers,-38.080137,145.346364,,
4845,Narre Warren South,,TDC Conveyancing,-38.052592,145.291268,,
4846,Cranbourne,,Lisa Davies & Associates - Cranbourne,-38.1104265,145.283874,,
4847,Beaconsfield - Officer,,Ideal Conveyancing,-38.049,145.371,,
4852,Cranbourne,,Zaparas Lawyers Cranbourne Office,-38.1084112,145.2836471,,
4853,Cranbourne,,We Care Conveyancing - Cranbourne,-38.111476399999994,145.28299730000003,,
4857,Pearcedale - Tooradin,,Hollander & Co. Conveyancing,-38.2029647,145.2351541,,
4858,Hampton Park - Lynbrook,,Mian Phillips & Co,-38.031690999999995,145.265512,,
4859,Narre Warren South,,Immigration Lawyers,-38.069716299999996,145.31318269999997,,
4860,Cranbourne,,Seachange Conveyancing,-38.110929799999994,145.2830878,,
4889,Doveton,,Pool Coping Tiles,-38.000617,145.229631,,
5064,Berwick,,JOHN CONQUEST LAWYERS,-38.030386299999996,145.3457939,,
5075,Pakenham,,Galbally & O'Bryan,-38.0770573,145.4826067,,
