,Suburb,Business.Type,Name.of.Business,Latitude,Longitude,Address,Phone.Number
0,Abbotsford,Legal Services,Djirra,-37.797588,144.9938631,,
2,Abbotsford,,Ann Valos Criminal Law,-37.8099328,144.9954122,"The Hive, Shop 1A/313 Victoria St, Abbotsford VIC 3067",(03) 9244 3333
3,Abbotsford,,Kearney Group Financial Services,-37.8112877,145.0108019,"8/651 Victoria St, Abbotsford VIC 3067",(03) 9428 8822
4,Abbotsford,,DST Legal,-37.811478,145.012322,"10/661-663 Victoria St, Abbotsford VIC 3067",0437 989 751
5,Albert Park ,,Anthony Rose & Mainwaring Lawyers,-37.840338,144.956153,"122 Bridport St, Albert Park VIC 3206",(03) 9690 1320
6,Albert Park ,,Makin & Kinsey Lawyers,-37.8413902,144.9561228,"1/317 Montague St, Albert Park VIC 3206",(03) 9696 9417
7,Alphington - Fairfield,,Dellios West & Co - Dellios Paul,-37.777143,145.018638,"131 Station St, Fairfield VIC 3078",(03) 9489 7300
8,Altona,Legal Services,Altona Legal,-37.867543,144.8292861,,
9,Altona,Legal Services,Mason Worth - Law & Conveyancing,-37.8686643,144.8302724,,
10,Altona,Legal Services,House & Land Conveyancing Services,-37.869652,144.8284772,,
11,Altona,Legal Services,Peter W Johnson,-37.869933,144.811283,,
12,Altona,,Gellibrand Legal Practice Pty Ltd Altona,-37.844483,144.842816,"23 Lobelia Dr, Altona North VIC 3025",(03) 9398 2377
13,Altona,,Mason Worth - Law & Conveyancing,-37.868659,144.830143,"55 Pier St, Altona VIC 3018",(03) 9315 9332
14,Altona,,Title Exchange Conveyancing,-37.8674903,144.8293407,"Level 1/92 Railway St S, Altona VIC 3018",0423 986 853
15,Altona North,Legal Services,Medina Financial & Para-Legal Services,-37.8374331,144.863101,,
17,Armadale,Legal Services,LGM Advisors,-37.8559777,145.0263346,,
19,Armadale ,,Mitrakas Savas & Co,-37.854811,145.01673,"883 High St, Armadale VIC 3143",(03) 8508 6444
20,Armadale ,,James Hopper & Associates,-37.8109199,145.0672981,"123 Whitehorse Rd, Balwyn VIC 3103",(03) 9006 5800
21,Ascot Vale,Legal Services,Moonee Valley Legal Service,-37.77945,144.919296,,
22,Ascot Vale,Legal Services,Safe from Harm,-37.7794958,144.9194636,,
24,Ashburton,Legal Services,TP Legal,-37.860904,145.083211,,
26,Ashburton,,Brett P Morris - Solicitor,-37.861797,145.080437,"1/48 Aitchison Ave, Ashburton VIC 3147",(03) 9886 9359
27,Ashburton,,Anthony Goldsmith & Associates,-37.8632905,145.0777446,"1/164 High St, Ashburton VIC 3147",(03) 9889 0422
28,Avondale Heights,Legal Services,MMH Lawyers,-37.7689961,144.8645937,,
29,Bacchus Marsh,Legal Services,Pauline Madden Conveyancing & Legal,-37.6758896,144.4365403,,
30,Bacchus Marsh,Legal Services,P&M Lawford,-37.690576,144.479411,,
31,Bacchus Marsh,Legal Services,The Conveyancing Quarters,-37.675559,144.438146,,
32,Bacchus Marsh,Legal Services,Haines Conveyancing,-37.6752465,144.4374436,,
33,Bacchus Marsh,Legal Services,Contact Lawyers,-37.680686,144.434662,,
34,Bacchus Marsh,Legal Services,Nevett Ford Lawyers Bacchus Marsh,-37.6762779,144.4394255,,
35,Bacchus Marsh,Legal Services,Casa Conveyancing,-37.6757042,144.4354169,,
36,Balaclava,Legal Services,Guardianship & Admin Legal Services,-37.869563,144.99604,,
38,Ballarat Central,Legal Services,BJT Legal,-37.5633645,143.8572347,,
39,Balwyn,Legal Services,Primon Legal,-37.8132256,145.0826417,,
40,Balwyn,Legal Services,Grice Legal,-37.812326,145.078504,,
43,Balwyn North,Legal Services,Patten Robins Lawyers,-37.7927538,145.0706785,,
44,Balwyn North,Legal Services,GSSR Legal,-37.7924655,145.0689248,,
45,Balwyn North,Legal Services,PFJS Lawyers,-37.800471,145.0980381,,
49,Barwon Heads,Legal Services,Coulter Roache,-38.2816416,144.4919278,,
51,Bayswater,Legal Services,Ryan Carlisle Thomas Lawyers,-37.841323,145.261324,,
52,Bayswater,Legal Services,Kerr & Thomas,-37.841839,145.2637323,,
53,Beaconsfield - Officer,Legal Services,Bona Fide Lawyers,-38.046786,145.368446,,
54,Beaconsfield - Officer,,Ideal Conveyancing,-38.049,145.371,,
55,Beaconsfield Upper,Legal Services,Scott Family Law,-37.9830521,145.3970389,,
56,Beaumaris,Legal Services,MJS Law,-37.9936857,145.0393252,,
57,Belgrave - Selby,Legal Services,Armstrong Ross Lawyers,-37.9083905,145.3548159,,
58,Belgrave - Selby,Legal Services,Belgrave General Lawyers,-37.9091637,145.3536563,,
59,Belmont,Legal Services,Barwon Community Legal Service,-38.17452,144.342224,,
61,Bendigo,Legal Services,Loddon Campaspe Community Legal Centre,-36.7574332,144.2842009,,
62,Bendigo,,Reign Legal,-36.7586435,144.2771078,"47 View St, Bendigo VIC 3550",0439 460 184
63,Bendigo,,Victoria Legal Aid Legal,-36.7622686,144.276797,"424 Hargreaves St, Bendigo VIC 3550",(03) 5448 2333
64,Bendigo,,Orchard Law,-36.7579336,144.2853385,"10 Hopetoun St, Bendigo VIC 3550",(03) 5444 3663
65,Bendigo,,Arnold Dallas Mcpherson,-36.7610485,144.2793191,"337 Hargreaves St, Bendigo VIC 3550",(03) 5445 9200
66,Bentleigh - McKinnon,Legal Services,Anuja Baker Legal Services,-37.914633,145.045371,,
67,Bentleigh - McKinnon,Legal Services,Hayton Kosky Lawyers,-37.917983,145.0325689,,
70,Bentleigh - McKinnon,Legal Services,Dribbin & Brown Criminal Lawyers,-37.933011,145.036596,,
71,Bentleigh - McKinnon,Legal Services,Law To Your Door,-37.932954,145.036751,,
72,Bentleigh - McKinnon,Legal Services,Prior Law,-37.918824,145.042735,,
73,Bentleigh - McKinnon,Legal Services,Rotman & Morris,-37.932895,145.036272,,
74,Bentleigh - McKinnon,Legal Services,Probate Excellence,-37.9179825,145.0325735,,
75,Bentleigh East,Legal Services,Peninsula Community Legal Centre,-37.9293821,145.0665662,,
76,Bentleigh East,Legal Services,Prior Law,-37.920464,145.055052,,
77,Bentleigh East,Legal Services,Horsfield & Associates Lawyers,-37.9295934,145.0644974,,
78,Bentleigh East,Legal Services,Prior Law,-37.9205489,145.0550371,,
80,Berwick,Legal Services,berwicklegal,-38.014499,145.345375,"10 Panoramic Terrace, Berwick VIC 3806",(03) 9769 3699
81,Berwick,Legal Services,Berwick Conveyancing,-38.02995,145.346093,"1a/10 Blackburne Square, Berwick VIC 3806",(03) 9769 4436
83,Berwick,Legal Services,First Class Legal,-38.033977,145.345783,"4 Gloucester Ave, Berwick VIC 3806",1300 956 321
84,Berwick,Legal Services,Tinyeagle,-38.050626,145.339235,"25 Pioneer Ct, Berwick VIC 3806",
85,Berwick,Legal Services,Maxiom Injury Lawyers,-38.04261,145.345612,"48 Kangan Dr, Berwick VIC 3806",1800 853 085
86,Berwick,Legal Services,Dreary Pty Ltd.,-38.062808,145.339066,"1 Oshea Rd, Berwick VIC 3806",(03) 9702 1733
87,Berwick,Family law attorney,Malkin Lawyers,48.428362,-123.358788,"3/28-32 Gloucester Ave, Berwick VIC 3806",(03) 9768 9658
88,Berwick,Divorce Lawyer,Just Family Law - Berwick,-38.031407,145.344638,"54 High St, Berwick VIC 3806",(03) 9793 7888
89,Berwick,Law firm,Moondarra Legal,-38.064726,145.330013,"64 Moondarra Dr, Berwick VIC 3806",(03) 9702 2153
90,Berwick,Solicitor,Wollerman Shacklock Lawyers,-38.037172,145.348469,"Level 2/8 Gloucester Ave, Berwick VIC 3806",(03) 9707 1155
91,Sandringham - Black Rock,Legal Services,Burrell Family Law,-37.9756801,145.016503,,
92,Blackburn,Legal Services,First Class Legal,-37.820031,145.1532688,,
93,Blackburn,Legal Services,Bowlt Commercial Lawyers,-37.8194568,145.1540951,,
94,Blackburn,Legal Services,Perry Weston,-37.8197484,145.1505502,,
95,Blackburn,Legal Services,Mccracken & Mccracken,-37.819469,145.154435,,
96,Blackburn,Legal Services,Vlahos & Associates Lawyers,-37.8183998,145.16188,,
97,Blackburn,Legal Services,Mahons with Yuncken & Yuncken Lawyers,-37.816114,145.157002,,
99,Blackburn South,Legal Services,To Legal,-37.832072,145.148224,,
101,Boronia,Legal Services,Eastern Community Legal Centre,-37.8615296,145.2888117,,
102,Boronia,Legal Services,Eugene Naidoo & Associates,-37.859701,145.2886968,,
103,Boronia,Legal Services,Parkers Legal,-37.861332,145.302765,,
104,Boronia,Legal Services,Mackinnon Jacobs Lawyers,-37.862117,145.283118,,
105,Boronia,Legal Services,TEAM LAW,-37.8543629,145.2975923,,
111,Boronia,Legal Services,Metropolitan Conveyancing Services,-37.8625828,145.2878509,,
112,Boronia,Legal Services,G a&C J Law,-37.850433,145.30339,,
113,Boronia,Legal Services,David Wilkinson & Co,-37.8449215,145.2993384,,
114,Boronia,Legal Services,Robert Wood and Associates,-37.8597861,145.2881983,,
115,Boronia,Legal Services,Robert I. Wood,-37.8597997,145.2882112,,
116,Boronia,Legal Services,Hounslow And Associates Lawyers,-37.8614632,145.2754211,,
117,Boronia,Legal Services,Hounslow & Associates,-37.861971,145.283121,,
118,Box Hill,Legal Services,Eastern Community Legal Centre,-37.8196234,145.1269531,,
119,Box Hill,Legal Services,Lilliputian PTY Ltd.,-37.8208876,145.1235581,,
120,Box Hill,Legal Services,Garry A Nicholson Legal Practitioner,-37.821049,145.126355,,
121,Box Hill,Legal Services,Castle Legal,-37.8207404,145.1229368,,
122,Box Hill,Legal Services,Goodman Group Lawyers Box Hill,-37.817455,145.115904,,
123,Box Hill,Legal Services,Apac Legal,-37.818608,145.122497,,
124,Box Hill,Legal Services,Liberal Legal,-37.81853,145.120505,,
125,Box Hill,Legal Services,Oakfair Lawyers,-37.82035,145.124322,,
126,Box Hill,Legal Services,FRANCIS LIM,-37.8185164,145.1245251,,
136,Box Hill North,Legal Services,Fraser Barrett Baird Lawyers,-37.8079882,145.1405036,,
137,Box Hill North,Legal Services,JOHN O'BRIEN & ASSOCIATES,-37.813318,145.13491,,
139,Brighton,Legal Services,Buchanan Legal Services Pty Ltd,-37.905521,145.001346,,
141,Brighton,Legal Services,Construction Expert Services - Expert Witness and Dispute Resolution,-37.9059446,145.0044671,,
142,Brighton,Legal Services,RMS Lawyers,-37.9044472,144.9952013,,
143,Brighton,Legal Services,CE Family Lawyers,-37.905026,144.9994241,,
144,Brighton,Legal Services,Lipman James,-37.916191,144.995826,,
145,Brighton,Legal Services,Lloyd Wright Legal,-37.9048743,144.9999548,,
146,Brighton,Legal Services,Bayside Collaborative,-37.90464,144.999408,,
147,Brighton,Legal Services,Goodman Group Lawyers Brighton,-37.9056469,144.9994383,,
148,Brighton East,Legal Services,J.P. Cahill - Criminal Law Firm & Experts Melbourne,-37.9251079,145.0199929,,
149,Brighton East,Legal Services,Ethnico Conveyancing & Financial Services,-37.9179114,145.0234137,,
150,Broadmeadows,Legal Services,Victoria Legal Aid,-37.6827425,144.9194211,,
151,Broadmeadows,Legal Services,George Douglas & Co Pty,-37.6826982,144.9146181,,
153,Brunswick,Legal Services,De Marchi and Associates,-37.768217,144.961636,,
154,Brunswick,Legal Services,Russo and Russo,-37.7743787,144.9610034,,
156,Bulleen,Legal Services,Petra Legal,-37.7694284,145.0962639,,
157,Bundoora,Legal Services,Callahans Lawyers,-37.6944295,145.0600647,,
158,Bundoora,Legal Services,Rick Norwood Legal,-37.697566,145.0782428,,
159,Bundoora,Legal Services,M&M Conveyancing Services Pty Ltd,-37.701187,145.065452,,
160,Bundoora,Legal Services,ML Law Hub,-37.6797198,145.0714448,,
161,Bundoora,Legal Services,Doug Parker & Associates Lawyers,-37.712058,145.057198,,
165,Bundoora,Legal Services,Alan Burnes,-37.700362,145.059153,,
166,Bunyip - Garfield,Legal Services,King Legal Group,-38.098173,145.720855,,
167,Burnley,Legal Services,Easy Name Change,-37.828519,145.008959,,
169,Camberwell,Legal Services,JH Legal,-37.8485369,145.0811239,,
170,Camberwell,Legal Services,Barretts Lawyers,-37.844088,145.054065,,
171,Camberwell,Legal Services,Henley Legal Public Notary,-37.8503375,145.093374,,
172,Camberwell,Legal Services,Phalanx Legal,-37.8455483,145.0543725,,
177,Campbellfield - Coolaroo,Legal Services,Zeno Lawyers,-37.6667423,144.9478139,,
178,Canterbury,Legal Services,Sky Legal Lawyers,-37.826756,145.0867081,,
180,Capel Sound,Legal Services,Sam Kelly's Conveyancing,-38.3753918,144.8729154,,
182,Carlton North - Princes Hill,Legal Services,Visa Law Immigration Lawyers,-37.7997834,144.967794,,
183,Carlton North - Princes Hill,Legal Services,Office of the Public Advocate,-37.8021777,144.9671638,,
186,Carnegie,Legal Services,Gotcha Process Serving Agency,-37.8950779,145.0548502,,
187,Caroline Springs,Legal Services,Lily Safarewicz Family Lawyers,-37.7342035,144.7416579,,
188,Caroline Springs,Legal Services,Calder Conveyancing Pty Ltd,-37.7298036,144.7420291,,
189,Caroline Springs,Legal Services,Lake Street Lawyers,-37.729813,144.7421067,,
190,Caroline Springs,Legal Services,Better Place Australia Caroline Springs,-37.7111395,144.738443,,
193,Carrum - Patterson Lakes,Legal Services,Relationship Resolution,-38.076456,145.122261,,
194,Carrum Downs,Legal Services,Peninsula Injury Lawyers,-38.0950314,145.157721,,
195,Carrum Downs,Legal Services,Complete Legal,-38.0975353,145.1706992,,
196,Carrum Downs,Legal Services,"Nithyananda Vedic Cultural, Arts & Education Center",-38.0863971,145.1820817,,
197,Caulfield,Legal Services,Rickards Legal,-37.8865819,145.0202072,,
198,Caulfield North,Legal Services,Goldberg Family Law Mediation,-37.8726859,145.0225976,,
199,Caulfield North,Legal Services,Ellinson Legal,-37.866762,145.02635,,
200,Caulfield North,Legal Services,Ashmor Legal Pty Ltd,-37.8745527,145.0245583,,
201,Caulfield North,Legal Services,Cyngler Kaye Levy Lawyers,-37.872392,145.023864,,
202,Caulfield North,Legal Services,BOND NATIONAL - Negotiating for best outcomes,-37.874409,145.024669,,
208,Caulfield North,Legal Services,BANCROFT LAWYERS,-37.8790201,145.0154375,,
209,Caulfield North,Legal Services,Bridges Immigration Law Solutions,-37.8798291,145.0230739,,
210,Chelsea Heights,Legal Services,Victory Law,-38.03369,145.13474,,
211,Cheltenham - Highett,Legal Services,Lewis & Weir,-37.965442,145.067269,,
212,Cheltenham - Highett,Legal Services,Better Place Australia,-37.9657201,145.057407,,
213,Cheltenham - Highett,Legal Services,Kingston Lawyers,-37.967276,145.056127,,
214,Cheltenham - Highett,Legal Services,Legal E Docs Pty Ltd,-37.963069,145.029723,,
215,Clayton,Legal Services,Monash Law Clinics - Clayton,-37.912265,145.128092,,
216,Clayton,Legal Services,MOLS,-37.9096739,145.1282565,,
219,Clayton,Legal Services,"MJHC Legal, Lawyers",-37.910536,145.141526,,
220,Clayton,Legal Services,Portelli & Co,-37.9240084,145.1203535,,
221,Clayton South,Legal Services,Ã¥Ã’Ã¥Â´ÃŒÂ_Ã¥Ã’ÃŒÂ_ÃŒÃ¡Ã¥Ã’ÃŒÂ¢Ã¥ÃÅ Ã¥Ã”_ÃŒÃùÃ¥Ã•ÃŒÃ¡ÃŒ_Ã¥Ã’ÃŒÂ¢ÃŒÃ¢ Trinity A Law,-37.9295174,145.1223277,,
223,Clifton Hill,Legal Services,Sinclair + May,-37.788777,144.991494,,
225,Clyde North,,Prestige Lawyers,-38.080137,145.346364,,
226,Coburg,Legal Services,MLG Lawyers - Melbourne Legal Group,-37.7514415,144.9650354,,
227,Coburg,Legal Services,Brunswick Lawyers,-37.745471,144.966086,,
228,Coburg,Legal Services,Go To Court Lawyers,-37.7487142,144.9655338,,
229,Coburg,Legal Services,Lynette Smyth,-37.745827,144.977815,,
230,Coburg,Legal Services,Haitch Legal,-37.7432804,144.9658064,,
231,Collingwood,Legal Services,Refugee & Immigration Legal Centre Inc.,-37.8003364,144.9855822,,
232,Collingwood,Legal Services,Persuit Legal Outsourcing Melbourne HQ- Pursuit Legal,-37.804335,144.985786,,
235,Cowes,,"Leonard & Associates, Lawyers",-38.4508234,145.2386392,,
236,Cowes,,David Luscombe & Associates,-38.449969,145.239509,,
237,Cowes,,Justice Road Farm - First Release,-38.462125,145.209131,,
238,Craigieburn,Legal Services,G&G Legal,-37.5980173,144.9405307,,
239,Craigieburn,Legal Services,Atlas Legal,-37.5908806,144.9173717,,
240,Craigieburn,Legal Services,Allskills Recruitment & Migration Services,-37.5895516,144.8946771,,
241,Craigieburn,Legal Services,Atlas Legal,-37.5908727,144.9173716,,
242,Craigieburn,Legal Services,Maurice Blackburn Lawyers,-37.5945671,144.914238,,
243,Craigieburn,Legal Services,PMP Conveyancing Services,-37.5717139,144.9132006,,
244,Craigieburn,Legal Services,Northern Conveyancing Services,-37.572395,144.912291,,
245,Craigieburn,Legal Services,VT Conveyancing,-37.5719291,144.9179324,,
246,Craigieburn,Legal Services,"Brilliant Migration Club Pty LTD - Migration & Student Visa Consultant in Craigieburn, Melbourne.",-37.603187,144.931218,,
247,Craigieburn,Legal Services,Satluj Immigration Consultancy Services Pty Ltd,-37.605789,144.919759,,
248,Craigieburn,Legal Services,Arnold Thomas & Becker Lawyers,-37.5986362,144.9391682,,
252,Cranbourne,Legal Services,Sandercock & Cowie,-38.113539,145.284866,,
253,Cranbourne,Legal Services,Process All-Over,-38.1099995,145.2828575,,
254,Cranbourne,Legal Services,Ryan Carlisle Thomas Lawyers,-38.1100477,145.2835666,,
255,Cranbourne,Legal Services,Goodman Group Lawyers Cranbourne,-38.110424,145.283542,,
256,Cranbourne,Legal Services,First Class Legal,-38.1110742,145.2834093,,
257,Cranbourne,Legal Services,Gorman & Hannan,-38.11156,145.2829813,,
258,Cranbourne,,Waters Lawyers,-38.1129254,145.2845901,,
259,Cranbourne,,Slater and Gordon Lawyers,-38.1101291,145.2836812,,
260,Cranbourne,,Lisa Davies & Associates - Cranbourne,-38.1104265,145.283874,,
261,Cranbourne,,Zaparas Lawyers Cranbourne Office,-38.1084112,145.2836471,,
262,Cranbourne,,We Care Conveyancing - Cranbourne,-38.1114764,145.2829973,,
263,Cranbourne,,Seachange Conveyancing,-38.1109298,145.2830878,,
264,Cranbourne North,Legal Services,Melbourne International Lawyers,-38.084848,145.317505,,
265,Cranbourne West,Legal Services,Frank Giummarra,-38.098439,145.255044,,
266,Croydon Hills - Warranwood,Legal Services,Remington Wright & Co,-37.795195,145.28221,,
267,Croydon Hills - Warranwood,Legal Services,Croydon Conveyancing Services,-37.793858,145.281882,,
268,Croydon Hills - Warranwood,Legal Services,CCS,-37.7932381,145.2823006,,
269,Croydon Hills - Warranwood,Legal Services,Integra Strata Management,-37.796322,145.281036,,
270,Croydon Hills - Warranwood,Legal Services,Jenny L Stephenson Lawyer,-37.801844,145.27648,,
271,Croydon Hills - Warranwood,Legal Services,Just Law | Building Dispute Lawyer,-37.7981493,145.2810698,,
272,Croydon Hills - Warranwood,Legal Services,Belmar Conveyancing Services,-37.7975521,145.2805455,,
275,Croydon Hills - Warranwood,Legal Services,DCG Lawyers & Consultants,-37.787252,145.275086,,
278,Croydon Hills - Warranwood,Legal Services,South East Lawyers,-37.7938935,145.2824376,,
279,Croydon Hills - Warranwood,Legal Services,Forrest Legal,-37.794182,145.281841,,
283,Croydon Hills - Warranwood,Legal Services,Lawyers Conveyancing,-37.795949,145.282383,,
284,Dandenong,Legal Services,Victoria Legal Aid,-37.9877663,145.2114743,,
285,Dandenong,Legal Services,Southport Community Legal Service,-37.996887,145.2278037,,
288,Dandenong,Legal Services,Australian Immigration & Citizenship Centre,-37.986865,145.215407,,
289,Dandenong,Legal Services,Victory Law,-37.9892072,145.2164118,,
290,Dandenong,Legal Services,James Dowsley & Associates Pty Ltd,-37.989498,145.216142,,
291,Dandenong,Legal Services,Slink & Keating,-37.989677,145.216081,,
292,Dandenong,Legal Services,LEXTON LEGAL,-37.9824344,145.2111439,,
293,Dandenong,Legal Services,Farris Legal,-37.9868252,145.2123097,,
294,Dandenong,Legal Services,Belleli King & Associates,-37.988891,145.215264,,
295,Dandenong,Legal Services,Warna Legal,-37.9838122,145.2200733,,
296,Dandenong,Legal Services,Dandenong Family Lawyers,-37.9847459,145.2112998,,
297,Dandenong,Legal Services,Axis Lawyers,-37.988483,145.214864,,
298,Dandenong,Legal Services,Taft Lawyers,-37.9842245,145.2116803,,
299,Dandenong,Legal Services,Dribbin & Brown Criminal Lawyers,-37.9896685,145.2158013,,
300,Dandenong,Legal Services,Continental Migration Centre,-37.9877814,145.2135994,,
301,Dandenong,Legal Services,A. B. Natoli Lawyers,-37.985514,145.210988,,
302,Dandenong,Legal Services,Wheeler Family Law,-37.984624,145.211215,,
303,Dandenong,Legal Services,Go To Court Lawyers,-37.9854008,145.2138126,,
304,Dandenong,Legal Services,Ram & Associates,-37.987511,145.216296,,
305,Dandenong,Legal Services,Just Family Law,-37.9847277,145.211098,,
306,Dandenong,Legal Services,Secure Conveyancing Services,-37.9869767,145.2024897,,
307,Dandenong,Legal Services,Fleming & Rhoden Lawyers,-37.987541,145.210571,,
308,Dandenong,Legal Services,Roberts Migration,-37.985396,145.221707,,
309,Dandenong,Legal Services,State Trustees,-37.9904389,145.214283,,
310,Dandenong,Legal Services,Quintessential Lawyers,-37.9869033,145.2124448,,
311,Dandenong,Legal Services,Ressan Lawyers,-37.9873217,145.2165351,,
312,Dandenong,Legal Services,Melbourne International Lawyers,-37.9825392,145.2110172,,
313,Dandenong,Legal Services,F. R. Monotti and Co.,-37.9863604,145.2121454,,
314,Dandenong,Legal Services,SB Solicitors + Notary,-37.9898557,145.2142225,,
315,Dandenong,Legal Services,Chris Woods & Associates,-37.9846856,145.2112491,,
316,Dandenong North,Legal Services,Legoll Legal Practitioners,-37.969,145.215392,,
317,Dandenong North,Legal Services,Waverley Legal & Conveyancing,-37.949617,145.198158,,
318,Dandenong South,Legal Services,Avoid Bankruptcy,-38.033022,145.192068,,
319,Darley,Legal Services,Jillian Thomas,-37.64173,144.427854,,
320,Deepdene,Legal Services,Eastern Bridge,-37.8109178,145.0673236,,
322,Deer Park - Derrimut,Legal Services,AAAA Low Cost Conveyancing,-37.770536,144.773495,,
323,Deer Park - Derrimut,Legal Services,Angelowitsch & Associates,-37.7704704,144.7745198,,
324,Wattle Glen - Diamond Creek,Legal Services,Ian Robertson Legal & Conveyancing,-37.669182,145.154987,,
325,Wattle Glen - Diamond Creek,Legal Services,De Kever Spaulding Lawyers,-37.6691824,145.1549866,,
327,Wattle Glen - Diamond Creek,Legal Services,McCubbin Ian J & Assoc,-37.67325,145.151459,,
328,Dingley Village,Legal Services,Dingley Conveyancing Services,-37.9825903,145.1312826,,
329,Doncaster,Legal Services,COOPER AND SANDERS LEGAL,-37.7833195,145.1027846,,
330,Doncaster,Legal Services,Rodda Legal,-37.7854657,145.1262194,,
333,Doncaster East,Legal Services,Plaza Legal,-37.7867889,145.1443952,,
334,Doncaster East,Legal Services,Sally Nicolazzo & Associates,-37.788426,145.14963,,
335,Doncaster East,Legal Services,Starnet Legal,-37.7892078,145.1597023,,
339,Doncaster East,Legal Services,Costanzo Lawyers Melbourne,-37.781112,145.163067,,
340,Doncaster East,Legal Services,Lawson Bayly Lawyers & Migration Agents,-37.7812,145.165652,,
341,Donvale - Park Orchards,Legal Services,Victorian Legal Solutions Pty Ltd,-37.7967126,145.1797823,,
343,Doreen,Legal Services,De Maria & Associates Pty Ltd,-37.5868162,145.1269005,,
344,Doveton,,Pool Coping Tiles,-38.000617,145.229631,,
345,Dromana,Legal Services,ALL State Conveyancing Services,-38.3325567,144.9678854,,
347,Dromana,,Sargeants Southern Peninsula,-38.3313932,144.9688435,,
348,Drouin,Legal Services,Wakefield Vogrig & Boote Lawyers,-38.1364611,145.8588969,,
349,Drouin,,Property Conveyancing Group,-38.1369135,145.858201,,
350,Drouin,,Mka Hamilton & Telford,-38.1371864,145.8582923,,
351,Drysdale,Legal Services,KG Lawyers,-38.171927,144.570881,,
352,Ivanhoe East - Eaglemont,Legal Services,Crea Legal,-37.763553,145.054317,,
353,Edithvale - Aspendale,Legal Services,James McConvill & Associates,-38.0445292,145.113471,,
354,Elphinstone,Legal Services,Mount Alexander Conveyancing Services,-37.111354,144.330079,,
355,Eltham,Legal Services,Lorraine Jones & Associates,-37.715347,145.148241,,
356,Eltham,Legal Services,Carew Gartlan McClelland,-37.713719,145.149171,,
357,Eltham,Legal Services,Bruce Arthur And Associates,-37.715515,145.150006,,
361,Elwood,Legal Services,Ampersand & Ampersand Pty Ltd - Ampersand Legal & Ampersand Promotions,-37.875084,144.978312,,
362,Emerald - Cockatoo,Legal Services,KLR Legal Services,-37.9296558,145.4449306,,
363,Emerald - Cockatoo,Legal Services,Falcone & Adams,-37.9317358,145.4415796,,
364,Emerald - Cockatoo,Legal Services,Buy and Sell Conveyancing Services,-37.930122,145.443843,,
365,Emerald - Cockatoo,Legal Services,AAB Lawyers,-37.929696,145.4452391,,
366,Endeavour Hills,Legal Services,Kearney Stephen & Associates,-37.977982,145.261326,,
367,Epping,Legal Services,Waters & Co. Lawyers,-37.649981,145.025295,,
368,Epping,Legal Services,Ryan Carlisle Thomas Lawyers,-37.644417,145.0259099,,
369,Epping,Legal Services,Slater and Gordon Lawyers,-37.659182,145.020139,,
370,Epping,Legal Services,Adviceline Injury Lawyers,-37.653731,145.020175,,
371,Epping,Legal Services,Shine Lawyers,-37.6517923,145.0186358,,
375,Epping,Legal Services,D & M Lawyers,-37.6498873,145.0247656,,
376,Essendon - Aberfeldie,Legal Services,Prompt Legal Services,-37.739025,144.896463,,
377,Essendon - Aberfeldie,Legal Services,Graham Legal,-37.746019,144.9106887,,
378,Essendon - Aberfeldie,Legal Services,McNab McNab & Starke Lawyers,-37.744266,144.909092,,
379,Essendon - Aberfeldie,Legal Services,Wills At Your Home Wills Essendon,-37.753125,144.909545,,
380,Essendon - Aberfeldie,Legal Services,Hughes Legal,-37.738526,144.894829,,
381,Essendon - Aberfeldie,Legal Services,Robert M Phelan & Co,-37.755911,144.911378,,
382,Essendon - Aberfeldie,Legal Services,NANSCAWEN LAWYERS,-37.75554,144.919807,,
383,Essendon - Aberfeldie,Legal Services,Nicholas James Lawyers,-37.755848,144.918686,,
387,Essendon North,Legal Services,Anderson Law Legal Practitioners,-37.743799,144.909242,,
388,Alphington - Fairfield,Legal Services,Dellios West & Co,-37.777159,145.018784,,
389,Ferntree Gully,Legal Services,Mountain Gate Legal,-37.8843424,145.2738885,,
390,Ferntree Gully,Legal Services,Zenith Lawyers & Consultants,-37.881572,145.279289,,
392,Ferntree Gully,Legal Services,Anderson Partners,-37.888531,145.292701,,
394,Ferntree Gully,Legal Services,Argyle Conveyancing Services Pty Ltd,-37.8816026,145.2751183,,
395,Fitzroy,Legal Services,Fitzroy Legal Service,-37.8019104,144.9795413,,
397,West Footscray - Tottenham,Legal Services,Nzenza Legal and Migration Services,-37.7988161,144.9013918,,
398,West Footscray - Tottenham,Legal Services,Norton Legal,-37.8105773,144.8991998,,
399,West Footscray - Tottenham,Legal Services,Practical Legal Solutions,-37.806627,144.906183,,
401,Frankston,Legal Services,Victoria Legal Aid,-38.1389543,145.1274402,,
402,Frankston,Legal Services,Justice Crew Legal Services,-38.144483,145.124248,,
403,Frankston,Legal Services,White Cleland,-38.14315,145.120508,,
404,Frankston,Legal Services,Hayes & Associates,-38.13396,145.123884,,
405,Frankston,Legal Services,Denise Dwyer Lawyers,-38.137548,145.1240054,,
407,Frankston,Legal Services,Allied Lawyers & Conveyancing,-38.1440746,145.1210277,,
409,Frankston,Legal Services,Willerby's Solicitors & Conveyancers,-38.1389558,145.1227199,,
410,Frankston,Legal Services,PCL Lawyers Frankston,-38.142245,145.121547,,
411,Frankston,Legal Services,Dribbin & Brown Criminal Lawyers,-38.1391541,145.1235303,,
412,Frankston,Legal Services,Taylor Family Law,-38.142418,145.1219922,,
414,Frankston,Legal Services,John Snodgrass & Associates,-38.142264,145.1215867,,
416,Frankston,Legal Services,The Melbourne Conveyancing Centre,-38.143357,145.123482,,
418,Frankston,Legal Services,Bayside Solicitors Frankston,-38.138607,145.127402,,
419,Frankston,Legal Services,Better SEPARATIONS - Keeping people out of Family Court since 2009,-38.133302,145.142676,,
420,Frankston,Legal Services,James Dowsley & Associates Pty Ltd,-38.142029,145.1257261,,
421,Frankston,Legal Services,Worrells Solvency & Forensic Accountants,-38.1424185,145.1219893,,
422,Frankston,Legal Services,A Australian Conveyancing Co.,-38.1431922,145.1230121,,
423,Frankston,Legal Services,Monaco Compensation Lawyers Frankston,-38.1424334,145.121983,,
424,Frankston,Legal Services,Terry Weerappah - Bayside Solicitors,-38.1385901,145.1274047,,
425,Frankston,Legal Services,Hounslow And Associates Lawyers,-38.1413993,145.1224639,,
426,Frankston,Legal Services,Frankston Family Relationship Centre,-38.143213,145.1227079,,
427,Frankston,Legal Services,Ryan Carlisle Thomas Lawyers,-38.1449701,145.1231724,,
428,Frankston,Legal Services,Empowering Meditations,-38.141376,145.122441,,
429,Frankston,Legal Services,Flat Fee Conveyancing Services,-38.154561,145.165422,,
430,Frankston,Legal Services,MDL Law,-38.1447289,145.1224312,,
431,Frankston,Legal Services,Go To Court Lawyers,-38.1434882,145.1204997,,
432,Frankston,Legal Services,LifeWorks Relationship Counselling and Education Services,-38.1428874,145.1229905,,
433,Frankston,Legal Services,Goodman Group Lawyers Frankston,-38.1438826,145.1203667,,
434,Frankston,Legal Services,Slater and Gordon Lawyers,-38.1398741,145.123169,,
435,Frankston,,Maurice Blackburn Lawyers Frankston,-38.140613,145.1218504,,
436,Frankston,,Anna V Araneta,-38.137515,145.12398,,
437,Frankston,,Monarch Conveyancing,-38.1347922,145.1237346,,
438,Frankston,,Conveyancing Melbourne - Victorian Property Settlements,-38.1434243,145.123568,,
439,Frankston,,Monarch Conveyancing,-38.13045,145.1256971,,
440,Frankston,,Conveyancing Frankston $350.00,-38.1544987,145.1312132,,
441,Geelong,Legal Services,Victoria Legal Aid,-38.150542,144.359599,,
442,Geelong,Legal Services,Greater Geelong Legal,-38.1499984,144.3551704,,
443,Geelong,Legal Services,Coulter Roache,-38.149971,144.363143,,
444,Geelong,Legal Services,Harwood Andrews,-38.1494429,144.3566303,,
445,Geelong,Legal Services,Crawford & Company,-38.155695,144.362236,,
446,Geelong,Legal Services,Bay City Conveyancing & Legal,-38.1507155,144.3580657,,
447,Geelong,Legal Services,Mann Legal - Geelong,-38.150564,144.355365,,
449,Geelong West,Legal Services,Cahill & Rowe Family Law,-38.1354759,144.3491089,,
450,Gisborne,Legal Services,Ranges Legal,-37.4865576,144.587486,,
452,Gladstone Park - Westmeadows,Legal Services,Cassar & Ryan Conveyancing Pty Ltd,-37.687298,144.888832,,
453,Gladstone Park - Westmeadows,Legal Services,Ford Legal,-37.688214,144.884954,,
454,Gladstone Park - Westmeadows,Legal Services,Gladstone Park Conveyancing,-37.688557,144.883216,,
456,Malvern - Glen Iris,Legal Services,Peter Speakman & Co Pty Lawyers,-37.8533944,145.0427547,,
457,Malvern - Glen Iris,Legal Services,Livaditis Lawyers,-37.8619322,145.0651253,,
458,Malvern - Glen Iris,Legal Services,Global Brand Protection,-37.8533386,145.0439046,,
462,Malvern - Glen Iris,Legal Services,Bartram Lawyers,-37.8637753,145.0501728,,
463,Glen Waverley,Legal Services,GE Law Services,-37.881804,145.1638521,,
464,Glen Waverley,Legal Services,Cumberbatch and Williams Lawyers,-37.868714,145.164325,,
465,Glen Waverley,Legal Services,Original Conveyancing Services,-37.880455,145.164089,,
466,Glen Waverley,Legal Services,Discount Legal Conveyancing,-37.879413,145.16541,,
469,Glen Waverley,Legal Services,Sharrock Pitman Legal,-37.8809786,145.1612896,,
472,Glen Waverley,Legal Services,Rayner Song Family Lawyers,-37.879158,145.164271,,
473,Glen Waverley,Legal Services,Monash Law,-37.880722,145.18665,,
474,Glen Waverley,Legal Services,Dispute Over Mediation Services,-37.880967,145.161285,,
475,Glenroy,Legal Services,Buller Mcleod PTY,-37.704227,144.9162178,,
476,Glenroy,Legal Services,Melbourne Injury Lawyers,-37.7062334,144.916839,,
477,Glenroy,Legal Services,Ryan Carlisle Thomas Lawyers,-37.7049678,144.918015,,
478,Glenroy,Legal Services,Pearsons Lawyers,-37.706757,144.9165696,,
479,Glenroy,Legal Services,Ozer Lawyers,-37.7050395,144.915421,,
481,Greensborough,Legal Services,First Class Legal,-37.7041974,145.1013346,,
482,Greensborough,Legal Services,Charles Tinney & Associates,-37.701302,145.106701,,
483,Greensborough,Legal Services,Greensborough Family Relationship Centre,-37.7046323,145.1021894,,
484,Greensborough,Legal Services,David Stagg Tonkin & Co Barristers & Solicitors,-37.7044506,145.1062968,,
485,Greensborough,Legal Services,Ryan Mackey & McClelland,-37.702942,145.104494,,
486,Greensborough,Legal Services,Burns & Tinney,-37.701305,145.106762,,
487,Greensborough,Legal Services,Maurice Blackburn Lawyers Greensborough,-37.704663,145.101986,,
488,Greensborough,Legal Services,Flitner & Company,-37.7034048,145.1039492,,
489,Greensborough,Legal Services,Flitner TC Solicitors,-37.703332,145.103817,,
490,Greensborough,Legal Services,Better Place Australia Greensborough,-37.686,145.117,,
493,Greensborough,Legal Services,Melbourne Mediation Centre,-37.7021633,145.1067083,,
495,Greensborough,Legal Services,MK Steele & Giammario,-37.7041965,145.1017656,,
499,Greenvale - Bulla,Legal Services,Paramount Conveyancing Practice,-37.6393826,144.8820468,,
501,Hadfield,Legal Services,Fast Process Service,-37.710999,144.951466,,
502,Hallam,Legal Services,Jay & Co Barristers and Solicitors,-38.005117,145.267088,,
503,Hallam,Legal Services,Alcore Conveyancing,-38.00474,145.267175,,
504,Hallam,Legal Services,Mark G Bramich,-38.004592,145.267293,,
505,Hampton Park - Lynbrook,Legal Services,Legal Transfers Conveyancing,-37.9462749,145.0223981,,
506,Hampton Park - Lynbrook,Legal Services,Bayside Family Law Solutions,-37.9402414,145.0018379,,
507,Hampton Park - Lynbrook,Legal Services,HobanLegal,-37.9373598,145.0034298,,
508,Hampton Park - Lynbrook,Legal Services,"David Naidoo & Associates - Building and construction lawyers in Hampton Park, Melbourne",-38.0325945,145.2655557,,
509,Hampton Park - Lynbrook,Legal Services,Aldgate Conveyancing,-38.034926,145.265868,,
510,Hampton Park - Lynbrook,,Mian Phillips & Co,-38.031691,145.265512,,
511,Harkaway,Legal Services,Neal Collin & Associates,-38.002068,145.374086,,
512,Hastings - Somers,,Matrix Conveyancing,-38.2948461,145.1867377,,
513,Hastings - Somers,,JKB Lawyers,-38.307082,145.1936647,,
514,Hawthorn,Legal Services,Chase Legal,-37.8136497,145.0233725,,
515,Hawthorn,Legal Services,GDM Legal & Conveyancing,-37.827302,145.03468,,
516,Hawthorn,Legal Services,Moores,-37.8206744,145.0223392,,
520,Hawthorn East,Legal Services,Rennick & Gaynor Solicitors,-37.8309378,145.0540715,,
521,Hawthorn East,Legal Services,MELCA,-37.8252932,145.0492261,,
523,Healesville - Yarra Glen,Legal Services,O'Brien & Black Lawyers,-37.654548,145.514382,,
524,Healesville - Yarra Glen,Legal Services,Eastern Community Legal Centre Inc,-37.6529473,145.5172723,,
526,Heathmont,Legal Services,Del Monaco Wootton & Co,-37.8281337,145.2468692,,
527,Heidelberg - Rosanna,Legal Services,JPLegal,-37.756146,145.06699,,
528,Heidelberg - Rosanna,Legal Services,DWF Adjusting (Australia) Pty Ltd,-37.7569429,145.0697727,,
529,Heidelberg - Rosanna,Legal Services,Morgan Legal,-37.7562919,145.0692365,,
530,Heidelberg - Rosanna,Legal Services,Doogue + George Criminal Lawyers Heidelberg,-37.7561467,145.0670049,,
531,Heidelberg - Rosanna,Legal Services,McCormack's Legal Practitioners,-37.756605,145.0660951,,
532,Heidelberg - Rosanna,Legal Services,ASAP Lawyers,-37.756677,145.068594,,
534,Heidelberg West,Legal Services,West Heidelberg Community Legal Service,-37.7397352,145.0405152,,
535,Heidelberg West,Legal Services,Chester Metcalfe & Co,-37.7494584,145.0429399,,
537,Cheltenham - Highett,Legal Services,Currie Law,-37.9484574,145.040489,,
538,Cheltenham - Highett,Legal Services,Hassall's Litigation Services,-37.9489639,145.0430708,,
539,Cheltenham - Highett,Legal Services,Bayside Mediation,-37.9488643,145.044147,,
540,Cheltenham - Highett,Legal Services,de Kretser Law,-37.9491525,145.0442124,,
541,Cheltenham - Highett,Legal Services,James Dowsley & Associates Pty Ltd,-37.9487034,145.0426848,,
542,Hillside,Legal Services,AA Conveyancing Services,-37.703103,144.746668,,
543,Hoppers Crossing,Legal Services,Computing & Legal Services Pty Ltd,-37.863664,144.668702,,
544,Hoppers Crossing,Legal Services,Thelma Palbas & Associates,-37.8797087,144.703947,,
545,Hoppers Crossing,Legal Services,LifeWorks Relationship Counselling and Education Services,-37.870649,144.683488,,
547,Hughesdale,Legal Services,Migration Law Matters,-37.9091189,145.084814,,
549,Ivanhoe East - Eaglemont,Legal Services,DLT Legal,-37.7754391,145.039228,,
550,Ivanhoe East - Eaglemont,Legal Services,Adams Maguire Sier,-37.7680045,145.0435261,,
551,Ivanhoe East - Eaglemont,Legal Services,Rush & Failla,-37.7682873,145.0425764,,
552,Ivanhoe East - Eaglemont,Legal Services,Templer Legal,-37.768757,145.043949,,
555,Ivanhoe East - Eaglemont,Legal Services,FERDINAND ZITO & ASSOCIATES : LEGAL PRACTITIONERS,-37.7725639,145.0592649,,
557,Kealba,Legal Services,faid Conveyancing Services,-37.739483,144.8242595,,
558,Keilor,Legal Services,Eugene Naidoo & Associates,-37.711667,144.810767,,
559,Keilor,Legal Services,Rodriguez Family Lawyers,-37.7187721,144.8357197,,
561,Keilor East,Legal Services,Essendon & Suburbs Conveyancing Services,-37.742655,144.861972,,
562,Kensington,Legal Services,Flemington & Kensington Community Legal Centre,-37.7891389,144.9287112,,
564,Kew,Legal Services,Resolution Legal Melbourne,-37.8086,145.027509,,
565,Kew,Legal Services,MH Legal Advisors,-37.801312,145.030748,,
568,Kew,Legal Services,Dennemeyer & Associates,-37.806828,145.033027,,
569,Kilmore,Legal Services,R. P. Hoban,-37.2919124,144.9507689,,
570,Kilmore,Legal Services,Paul Maginn,-37.2918859,144.9508016,,
571,Kilsyth,Legal Services,Alpass & Associates,-37.801629,145.309439,,
572,Seddon - Kingsville,,John J Courtney Tax Agents,-37.8110348,144.8715104,"28 Albion St, Kingsville VIC 3012",(03) 9314 4685
573,Seddon - Kingsville,,Link Conveyancing,-37.808389,144.88409,"106 Williamstown Rd, Kingsville VIC 3012",(03) 9689 4833
574,Kyneton,Legal Services,DeLacy Mediation,-37.178579,144.489396,,
575,Lalor,Legal Services,Collards Barristers & Solicitors,-37.673596,145.016264,,
576,Lalor,Legal Services,Abundant Conveyancing Services,-37.672518,145.017819,,
577,Lalor,Legal Services,Costanzo Lawyers,-37.672336,145.016375,,
578,Lalor,Legal Services,Leading Conveyancing,-37.6652397,144.9856032,,
579,Lalor,Legal Services,Dreadnought Document Service,-37.669755,145.021816,,
584,Lalor,Legal Services,Sabdo & Associates Lawyers,-37.666328,145.021014,,
585,Langwarrin ,Law firm,Peter Haberle,-38.147384,145.1738,"5/411 McClelland Dr, Langwarrin VIC 3910",(03) 9789 7655
586,Langwarrin ,Legal Services,Qhm Lawyers,-38.152349,145.1636,"212 Karingal Dr, Frankston VIC 3199",0432 866 816
587,Langwarrin ,Legal Services,Langwarrin Conveyancing Services,-38.15786,145.1842,"10 Colin Court,Langwarrin 3910",(03) 9789 7870
588,Langwarrin ,Legal Services,Double Bay Conveyancing,-38.166769,145.1626,"7 Apollo Ct, Frankston VIC 3199",(03) 9789 7352
589,Langwarrin ,Legal Services,Silverthorn Conveyancing Langwarrin,-38.1513175,145.1971,"The Gateway, Shop 3/230 Cranbourne-Frankston Rd, Langwarrin VIC 3910",(03) 8743 1068
590,Langwarrin ,Legal Services,All Day Conveyancing,-38.157522,145.1982,"1 Emerald Ct, Langwarrin VIC 3910",0418 547 179
591,Langwarrin ,Legal Services,Saker Conveyancing,-38.146443,145.1914,"54 Pindara Blvd, Langwarrin VIC 3910",(03) 8790 0270
592,Langwarrin ,Legal Services,Victoria Legal Aid,-38.138917,145.1274,"34 Dandenong Rd W, Frankston VIC 3199",(03) 9784 5222
593,Langwarrin South,Legal Services,Intense Impressions Photography,-38.194928,145.181707,,
594,Laverton,Legal Services,Nanscawen Lawyers,-37.8683257,144.7610435,,
595,Lilydale - Coldstream,Legal Services,Goodman Group Lawyers,-37.757992,145.351287,,
596,Lilydale - Coldstream,Legal Services,Paul B Connor Solicitor,-37.758041,145.350412,,
597,Lilydale - Coldstream,Legal Services,RNG Lawyers,-37.7575186,145.3479764,,
598,Lilydale - Coldstream,Legal Services,Yarra Valley Process Service,-37.7549564,145.3817288,,
599,Lilydale - Coldstream,Legal Services,RNG Lawyers,-37.757592,145.347928,,
601,Lilydale - Coldstream,Legal Services,Ken Smith & Associates,-37.7570778,145.3599639,,
605,Lilydale - Coldstream,Legal Services,Johnstone and Reimer Lawyers,-37.7569161,145.3537349,,
607,Lilydale - Coldstream,Legal Services,Williams & Lay Lawyers,-37.7567593,145.3532271,,
608,Lilydale - Coldstream,Legal Services,Di Battista & Co,-37.7580247,145.3521743,,
609,Lilydale - Coldstream,Legal Services,Crest Conveyancing,-37.757999,145.351321,,
610,Lynbrook - Lyndhurst,Legal Services,DDSS Legal Conveyancing,-38.057305,145.245978,,
611,Macedon,Legal Services,Noy Justine,-37.422292,144.567588,,
612,Macedon,Legal Services,Noy & Associates Lawyers,-37.422661,144.564576,,
613,Maidstone,Legal Services,Law Partners - Personal Injury Lawyers Maidstone,-37.7787094,144.8763725,,
614,Malvern - Glen Iris,Legal Services,Testart Family Lawyers,-37.8459492,145.0389885,,
615,Malvern - Glen Iris,Legal Services,"Hartwell Legal - Incapacity, Wills & Estates Experts",-37.84495,145.038295,,
618,Malvern East,Legal Services,Boothby & Boothby,-37.8751512,145.0422836,,
620,Malvern Iris,Legal Services,"Hartwell Legal - Incapacity, Wills & Estates Experts",-37.845027,145.0384,"8/1 Milton Parade, Malvern VIC 3144",0413 181 545
621,Malvern Iris,Legal Services,Testart Family Lawyers,-37.8459492,145.039,"23 Milton Parade, Malvern VIC 3144",(03) 9854 6212
622,Malvern Iris,Legal Services,Peter Speakman & Co Pty Lawyers,-37.8535058,145.0427,"2/1396 Malvern Rd, Glen Iris VIC 3146",(03) 9822 8611
623,Malvern Iris,Legal Services,Global Brand Protection,-37.853274,145.0439,"1/1489 Malvern Rd, Glen Iris VIC 3146",(03) 9822 2889
624,Malvern Iris,Legal Services,Bartram Lawyers,-37.863644,145.0503,"1/173 Burke Rd, Glen Iris VIC 3146",(03) 9885 9375
625,Malvern Iris,Legal Services,John Bennison,-37.869053,145.0389,"43 Tooronga Rd, Malvern East VIC 3145",(03) 9571 5000
626,Malvern Iris,Legal Services,Moyle Legal,-37.86684,145.0307,"91 Station St, Malvern VIC 3144",(03) 9509 9360
627,Malvern Iris,Legal Services,Burke Family Law,-37.8656312,145.0294,"53 Station St, Malvern VIC 3144",0419 550 586
628,Malvern Iris,Legal Services,Lopes Family Law,-37.8606082,145.0288,"1/52 Glenferrie Rd, Malvern VIC 3144",(03) 9500 2299
629,Malvern Iris,Legal Services,Held Lawyers - Malvern,-37.8598352,145.029,"Level 1/180-182 Glenferrie Rd, Malvern VIC 3144",(03) 9509 0710
630,Malvern Iris,Legal Services,Stuart Morgan & Associates,-37.8583127,145.0292,"238 Glenferrie Rd, Malvern VIC 3144",(03) 9576 2300
631,Maribyrnong,Legal Services,Chircop Legal,-37.7836195,144.8917833,,
632,Maribyrnong,Legal Services,McManus & Co Lawyers,-37.78362,144.891778,,
633,Mccrae,,GZ Conrad,-38.3508897,144.9427359,,
634,Mckinnon,Legal Services,Prior Law,-37.911062,145.04061,,
635,Mckinnon,Legal Services,Dunstan & Raftis,-37.911031,145.03941,,
637,Meadow Heights,Legal Services,Meadow Heights Conveyancing Services,-37.641145,144.913285,,
639,Melbourne,Legal Services,Victoria Legal Aid,-37.8155055,144.9567621,,
640,Melbourne,Legal Services,Women's Legal Service Victoria,-37.81254,144.9563499,,
641,Melbourne,Legal Services,SKB Legal Services,-37.8376252,144.9755031,,
642,Melbourne,Legal Services,Federation of Community Legal Centres (Vic) Inc.,-37.813463,144.9670777,,
643,Melbourne,Legal Services,Richmond & Bennison Lawyers,-37.814844,144.959936,,
644,Melbourne,Legal Services,Legal Services Board,-37.8160035,144.9577457,,
645,Melbourne,Legal Services,St James Legal Services,-37.8167428,144.9614342,,
646,Melbourne,Legal Services,Dixon Legal Services,-37.8171434,144.9603763,,
647,Melbourne,Legal Services,Inner City Legal Services Pty Ltd,-37.81468,144.960224,,
648,Melbourne,Legal Services,Victorian Legal Services Commissioner,-37.8161572,144.9572088,,
649,Melbourne,Legal Services,AED Legal Centre,-37.8178116,144.9651461,,
650,Melbourne,Legal Services,Consumer Action Law Centre,-37.814339,144.960224,,
651,Melbourne,Legal Services,Disability Discrimination Legal Service,-37.8150076,144.9553884,,
652,Melbourne,Legal Services,Law Image Melbourne | Legal document production & Managed services,-37.8150532,144.9592057,,
653,Melbourne,Legal Services,Rogers Legal Service,-37.8146416,144.9603247,,
654,Melbourne,Legal Services,GMS Legal Service Agency,-37.8151277,144.961052,,
655,Melbourne,Legal Services,ADC Legal Litigation Lawyers,-37.8158099,144.966481,,
656,Melbourne,Legal Services,First Legal & Migration Services Pty Ltd,-37.8137451,144.9604703,,
657,Melbourne,Legal Services,AHL Legal AHLÃ¥__Ã¥Â´Ã¥Ã__ÃŒÃè,-37.8163932,144.9571393,,
658,Melbourne,Legal Services,SM Legal,-37.8160774,144.9584934,,
659,Melbourne,Legal Services,Lloyd Meridian Legal,-37.8165501,144.9638398,,
660,Melbourne,Legal Services,Hendersons Legal,-37.816846,144.957349,,
661,Melbourne,Legal Services,MyVisa Australia,-37.814178,144.972777,,
662,Melbourne,Legal Services,Warlows Legal Melbourne,-37.8107524,144.9583442,,
663,Melbourne,Legal Services,Nevile & Co. Commercial Lawyers,-37.814235,144.970016,,
664,Melbourne,Legal Services,First Legal & Migration Services Pty Ltd,-37.8135405,144.9604625,,
665,Melbourne,Legal Services,Epiq,-37.8140345,144.9605991,,
666,Melbourne,Legal Services,Justice Connect,-37.8152823,144.9601193,,
667,Melbourne,Legal Services,Law Aid,-37.8142751,144.95706,,
668,Melbourne,Legal Services,Herbert Smith Freehills (Melbourne),-37.814518,144.970355,,
669,Melbourne,Legal Services,Avenue Solutions,-37.83973,144.97601,,
670,Melbourne,Legal Services,Notary Services Australia,-37.8159854,144.957957,,
671,Melbourne,Legal Services,Eales & Mackenzie Lawyers,-37.817559,144.9615321,,
672,Melbourne,Legal Services,Nicholas O'Donohue & Co,-37.8157698,144.9587559,,
673,Melbourne,Legal Services,Legally Yours,-37.817067,144.959725,,
674,Melbourne,Legal Services,Barristers Clerking Services PTY Ltd.,-37.8142634,144.9571557,,
675,Melbourne,Legal Services,Simon Legal,-37.8135355,144.9604438,,
676,Melbourne,Legal Services,Horizon Lex | Business + Law,-37.8162335,144.9609575,,
677,Melbourne,Legal Services,SP Legal,-37.81688,144.957092,,
678,Melbourne,Legal Services,FAL Lawyers,-37.8163543,144.9589048,,
679,Melbourne,Legal Services,AR LAW Services: Master Migration & Visa Lawyers,-37.818081,144.964621,,
680,Melbourne,Legal Services,Norton Rose Fulbright,-37.8158872,144.9595931,,
681,Melbourne,Legal Services,Blackstone Legal Costing,-37.8126935,144.956645,,
682,Melbourne,Legal Services,Velocity Legal,-37.8108817,144.9620182,,
683,Melbourne,Legal Services,Spagnol Legal,-37.816909,144.957245,,
684,Melbourne,Legal Services,Stesin Legal,-37.8157242,144.9627614,,
685,Melbourne,Legal Services,Immigration Agents Melbourne Free Advice - Graham Slater York Lawyers,-37.8158909,144.9588604,,
686,Melbourne,Legal Services,DWF (Australia),-37.815936,144.955989,,
687,Melbourne,Legal Services,Sierra Corporate Pty Ltd,-37.817305,144.959444,,
688,Melbourne,Legal Services,Noble Lawyers,-37.8145004,144.9600309,,
689,Melbourne,Legal Services,Gilbert + Tobin,-37.814587,144.970667,,
690,Melbourne,Legal Services,MD Processing Service,-37.8527492,144.9796978,,
728,Melbourne,Legal Services,Khor & Burr Pty Ltd,-37.84968,144.979899,,
729,Melbourne,Legal Services,Kai Legal,-37.8154534,144.9634294,,
733,Melbourne,Legal Services,Visatec Legal - Lawyers & Notary Public,-37.835908,144.973743,,
734,Melbourne,Legal Services,Rosendorff Lawyers,-37.8384689,144.975597,,
740,Melbourne,Legal Services,Health Legal Pty Ltd.,-37.8432242,144.9772825,,
741,Melbourne,Legal Services,McNab McNab & Starke Lawyers,-37.81381,144.9559272,,
743,Melton,Legal Services,Brimbank Melton Community Legal Centre,-37.6849219,144.5820482,,
744,Melton,Legal Services,Adviceline Injury Lawyers,-37.6827791,144.5833075,,
745,Melton,Legal Services,Conveyancing Melton $350.00 by Graham Slater & York Lawyers,-37.6871122,144.5920142,,
746,Melton,Legal Services,Maurice Blackburn,-37.682979,144.5804663,,
747,Melton,Legal Services,Slater and Gordon Lawyers,-37.684033,144.5827791,,
748,Melton,Legal Services,Callea Pearce Lawyers,-37.6827847,144.5848408,,
749,Melton,Legal Services,"Shamanic Rain Lifestyle Centre & Natural Living Cafe - Spiritual, Psychic, Crystals",-37.6933627,144.6000323,,
750,Melton,Legal Services,Quality Conveyancing Group CONVEYANCING,-37.6827613,144.583741,,
751,Melton,Legal Services,Cameo Conveyancing Victoria,-37.68263,144.5801043,,
752,Melton,Legal Services,Better Place Australia Melton,-37.6829286,144.5792135,,
753,Melton,Legal Services,Homecall Conveyancing,-37.6834721,144.5841077,,
754,Melton,Legal Services,Robert D Taylor & Associates,-37.6840045,144.5827984,,
755,Melton,Legal Services,Ryan Carlisle Thomas Lawyers,-37.684316,144.581759,,
756,Melton,Legal Services,Hayden Legro,-37.6827016,144.585118,,
757,Melton West,Legal Services,IMCS Inclusive Mediation & Counselling Services,-37.676096,144.558665,,
758,Mentone,Legal Services,Cheltenham Conveyancing,-37.9827077,145.0709764,,
759,Mill Park,Legal Services,ANTHONYS SOLICITORS,-37.6676728,145.0617948,,
761,Mill Park,Legal Services,Mahons with Yuncken & Yuncken,-37.6674444,145.0613108,,
762,Mill Park,Legal Services,BK Lawyers and Conveyancers,-37.6667636,145.0617864,,
763,Mitcham,Legal Services,Corvus Group Australia,-37.8126224,145.2022354,,
764,Mitcham,Legal Services,Settle Easy Law,-37.816189,145.198358,,
765,Mitcham,Legal Services,Mitcham Family Lawyers,-37.8170158,145.1931026,,
766,Mitcham,Legal Services,MW Law,-37.816319,145.1961005,,
771,Mitcham,Legal Services,Settle Easy Law,-37.8161687,145.1983755,,
772,Mitcham,Legal Services,Bonaj Consultants,-37.817016,145.193103,,
773,Monbulk - Silvan,Legal Services,Arthur Kapantzian Barrister & Solicitor,-37.87746,145.417757,,
775,Monbulk - Silvan,Legal Services,Neesham White Gentle,-37.8743482,145.4070987,,
776,Monbulk - Silvan,Legal Services,Sargeants Yarra Ranges,-37.876973,145.453219,,
777,Mont Albert,Legal Services,Cfl,-37.815415,145.104605,,
779,Mont Albert North,Legal Services,In House Property Conveyancing,-37.8020344,145.1120146,,
780,Montmorency - Briar Hill,Legal Services,RF LEGAL,-37.716678,145.120867,,
781,Montmorency - Briar Hill,Legal Services,James Partners Lawyers,-37.728464,145.1307514,,
782,Moonee Ponds,Legal Services,MNG Lawyers,-37.770585,144.926455,,
783,Moonee Ponds,Legal Services,Maitland-Smith & Associates,-37.767777,144.923364,,
784,Moonee Ponds,Legal Services,Hartleys Lawyers,-37.7658398,144.921883,,
785,Moonee Ponds,Legal Services,Le Brun Lawyers Moonee Ponds,-37.7719674,144.9263858,,
787,Moorabbin - Heatherton,Legal Services,PCL Lawyers Moorabbin,-37.934523,145.045968,,
788,Moorabbin - Heatherton,Legal Services,Gigliotti Lawyers Moorabbin,-37.9352249,145.0378761,,
789,Moorabbin - Heatherton,Legal Services,Fincor Services Australia Pty lTD,-37.9468341,145.0576575,,
790,Mooroolbark,Legal Services,Beaumont Lawyers,-37.7853149,145.3124,"34 Brice Ave, Mooroolbark VIC 3138",(03) 9726 9822
791,Mooroolbark,Legal Services,Yarra Ranges Lawyers,-37.7837042,145.3124,"16 Winyard Dr, Mooroolbark VIC 3138",(03) 9727 4055
792,Mooroolbark,Legal Services,GLN Conveyancing Services,-37.7854619,145.3161,"11/91 Brice Ave, Mooroolbark VIC 3138",(03) 9726 5666
793,Mooroolbark,Legal Services,Wright Conveyancing Service,-37.768185,145.3261,"77 Landscape Dr, Mooroolbark VIC 3138",(03) 9727 1112
794,Mooroolbark,Solicitor,Conveyancing Linque,-37.782073,145.3052,"52 Diane Cres, Croydon VIC 3136",(03) 9733 4233
795,Mooroolbark,Legal Services,SF Conveyancing,-37.7837477,145.3126,"20 Winyard Dr, Mooroolbark VIC 3138",0402 606 298
796,Mordialloc - Parkdale,Legal Services,Marsh & Maher Richmond Bennison,-38.0064381,145.0867392,,
798,Mornington,Legal Services,Mornington Legal,-38.22718,145.04354,"342 Main St, Mornington VIC 3931",(03) 5975 7611
799,Mornington,Solicitor,Alesci Lawyers,-38.21791,145.03696,"1 Queen St, Mornington VIC 3931",(03) 5977 1000
800,Mornington,Legal Services,Lawyers By The Bay,-38.21765,145.038025,"11 Railway Grove, Mornington VIC 3931",(03) 8680 2549
801,Mornington,Solicitor,Marshalls+Dent Lawyers Mornington,-38.21921,145.03887,"Level 1, Suite 2/26 McLaren Place, Mornington VIC 3931",(03) 5973 6919
802,Mornington,Solicitor,Walls Bridges Lawyers,-38.22013,145.03838,"49 Octavia St, Mornington VIC 3931",(03) 5977 0680
803,Mornington,General practice attorney,Carroll Goldsmith Lawyers,-38.21632,145.03604,"1/176 Main St, Mornington VIC 3931",(03) 5975 7588
804,Mornington,Law firm,Stidston Warren Lawyers,-38.22095,145.04057,"suite 1 level 1/10 Blamey Pl, Mornington VIC 3931",(03) 5975 5222
805,Mornington,Solicitor,"Roberts Beckwith Partners,Beckwith C",-38.22158,145.04057,"16 Blamey Pl, Mornington VIC 3931",(03) 5975 4133
806,Mornington,Solicitor,Urban Law Group,-38.229058,145.044649,"7/234 Main St, Mornington VIC 3931",(03) 5975 2000
807,Mornington,Law firm,PHAEDONOS LAW,-38.218442,145.037834,"307 Main St, Mornington VIC 3931",(03) 5976 1688
808,Mornington,Family law attorney,Anchorage legal,-38.225958,145.042777,"Ground Floor 2/328 Main St, Mornington VIC 3931",(03) 9070 1199
811,Mornington,Legal Services,Peninsula Injury Lawyers,-38.226453,145.042614,"level 2/315 Main St, Mornington VIC 3931",(03) 5924 1007
812,Mornington,Solicitor,Hill Legal,-38.233838,145.062334,"22a Milgate Dr, Mornington VIC 3931",(03) 5976 6500
814,Mornington,Solicitor,JG Nixon PTY Ltd.,-38.213275,145.051237,"1 Rothesay Ave, Mornington VIC 3931",(03) 5975 3130
815,Mornington,Legal Services,Roberts Beckwith Partners,-38.221172,145.0405,"2/16 Blamey Pl, Mornington VIC 3931",(03) 5975 4133
818,Mornington,Solicitor,Mornington Peninsula Legal Service Pty Ltd,-38.353986,144.911336,"843 Point Nepean Rd, Rosebud VIC 3939",
819,Mount Eliza,Legal Services,Lardners Solicitors,-38.1835,145.090352,,
820,Mount Eliza,,Port Phillip Conveyancing - Mt Eliza Branch,-38.1830869,145.0908099,,
821,Mount Evelyn,Legal Services,Kieran Cox,-37.7875694,145.3796531,,
822,Mount Evelyn,Legal Services,Eastern Conveyancing,-37.7864537,145.3696437,,
823,Mount Evelyn,Legal Services,JimÃ¥Ã_ÃŒÃùÃ¥Â»s Conveyancing,-37.7851735,145.3783061,,
824,Mount Macedon,Legal Services,Care Conveyancing,-37.3917953,144.5911704,,
825,Mount Martha,,Mather Gaile,-38.2753773,145.0117664,,
826,Mount Martha,,Results Debtor Management,-38.249311,145.047989,,
827,Mount Waverley,Legal Services,Express & Co Lawyers,-37.9005888,145.1415056,,
828,Mount Waverley,Legal Services,ALT - Legal Associates,-37.899242,145.14252,,
829,Mount Waverley,Legal Services,Dyason Legal,-37.8992266,145.142598,,
830,Mount Waverley,Legal Services,HLA Legal,-37.8763969,145.1470942,,
831,Mount Waverley,Legal Services,Allied Lawyers & Conveyancing,-37.878476,145.128863,,
832,Mount Waverley,Legal Services,Hicks Oakley Chessell Williams,-37.8941492,145.1307062,,
833,Mount Waverley,Legal Services,Goodman Group Lawyers Mt Waverly,-37.8732248,145.1478084,,
837,Mount Waverley,Legal Services,Hartleys Lawyers - Mt. Waverley,-37.873224,145.147802,,
838,Mount Waverley,Legal Services,Aged Care Mediation Services,-37.862426,145.147482,,
843,Mount Waverley,Legal Services,HDME Lawyers,-37.891643,145.144206,,
844,Mulgrave,Legal Services,Bizcom Legal,-37.9267579,145.1762197,,
846,Mulgrave,Legal Services,LEXTECH,-37.9374128,145.1928777,,
847,Mulgrave,Legal Services,Alphastream Lawyers,-37.932665,145.161005,,
848,Murrumbeena,Legal Services,Tran Lawyers,-37.907632,145.0721301,,
850,Murrumbeena,Legal Services,Gladwin Legal,-37.907097,145.068092,,
851,Narre Warren,Legal Services,just family law - Narre Warren.,-38.0248395,145.3053207,,
852,Narre Warren,Legal Services,Chardon Legal,-38.026553,145.3045131,,
853,Narre Warren,Legal Services,Ryan Carlisle Thomas Lawyers,-38.026173,145.305221,,
854,Narre Warren,Legal Services,Better Place Australia Narre Warren,-38.0253112,145.3134373,,
855,Narre Warren,Legal Services,berwicklegal,-38.0228445,145.3133663,,
856,Narre Warren,Legal Services,Red Door Conveyancing,-38.0222609,145.3128762,,
857,Narre Warren,Legal Services,Dorota Sokolowski,-38.0227501,145.3122282,,
858,Narre Warren,,Arnold Dallas Mcpherson,-38.023488,145.313762,,
859,Narre Warren,,Gateway Lawyers (Australia) PTY LTD,-38.0249405,145.3154661,,
860,Narre Warren North,Legal Services,PGD Lawyers,-37.980821,145.315446,,
861,Narre Warren South,Legal Services,Schimmelbusch & Mathrick Conveyancing Services,-38.041949,145.298501,,
862,Narre Warren South,,TDC Conveyancing,-38.052592,145.291268,,
863,Narre Warren South,,Immigration Lawyers,-38.0697163,145.3131827,,
864,New Gisborne,Legal Services,ConnectLaw Legal Services,-37.466989,144.60724,,
866,Newport,Legal Services,Hartleys Lawyers,-37.841934,144.879657,,
867,Newport,Legal Services,Viclaw Lawyers,-37.8408775,144.8826847,,
868,Newport,Legal Services,Newport Lawyers 2 U,-37.844225,144.86876,,
869,Niddrie,Legal Services,Milicevic Lawyers,-37.737027,144.892224,,
870,Niddrie,Legal Services,State Claims,-37.735676,144.8889441,,
871,Niddrie,Legal Services,Conveyancing Melbourne Suburbs,-37.736925,144.89231,,
872,North Melbourne,Legal Services,Inner Melbourne Community Legal,-37.802929,144.950407,,
873,North Melbourne,Legal Services,First Nations Legal & Research Services,-37.8045017,144.951122,,
875,Northcote,Legal Services,Northcote Lawyers & Associates,-37.7792909,144.9972027,,
876,Northcote,Legal Services,Northcote Lawyers & Associates,-37.768142,144.991121,,
877,Northcote,Legal Services,VM Family Lawyers,-37.7709063,144.9988692,,
879,Notting Hill,Legal Services,JK Lawyers,-37.910119,145.145992,,
881,Nunawading,Legal Services,Laudamus Lawyers,-37.8209311,145.1758007,,
883,Nunawading,Legal Services,William Archer Defence Lawyers,-37.8219292,145.1756591,,
884,Oak Park,Legal Services,Herm Legal & Migration Services,-37.7172429,144.9216678,,
886,Oakleigh - Huntingdale,Legal Services,Nicolaides and Associates Law Offices,-37.90051,145.091477,,
887,Oakleigh - Huntingdale,Legal Services,RB Flinders Lawyers Oakleigh,-37.899201,145.089341,,
888,Oakleigh - Huntingdale,Legal Services,Dandanis & Associates,-37.898673,145.0903265,,
892,Oakleigh - Huntingdale,Legal Services,Better Place Australia Chadstone,-37.8957118,145.0999557,,
893,Ocean Grove,Legal Services,John G O'Halloran Solicitor & Lawyer,-38.26985,144.5275189,,
894,Beaconsfield - Officer,Legal Services,Conveyancing Pakenham $350.00 by GSY Lawyers,-38.0650619,145.4339151,,
895,Pakenham,Law firm,Duffy & Simon,-38.074417,145.484784,"13 John St, Pakenham VIC 3810",(03) 5941 1622
896,Pakenham,Personal injury attorney,Ryan Carlisle Thomas Lawyers,-38.071717,145.47518,"114 Main St, Pakenham VIC 3810",(03) 5941 5722
898,Pakenham,Legal Services,My Legal Crunch - Lawyers,-38.069808,145.465236,"5 McMaster Ct, Pakenham VIC 3810",1800 572 417
899,Pakenham,Family law attorney,Pakenham Lawyers,-38.072977,145.47713,"18 Main Street,18 Main Street, Pakenham Vic 3810",1800 754 401
900,Pakenham,Legal Services,Casey Business Lawyers Pty Ltd,-38.061186,145.463413,"Unit 6/ 1/5 Purton Rd, Pakenham VIC 3810",0435 876 445
901,Pakenham,Legal Services,Pakenham Conveyancing,-38.074417,145.484787,"25 John St, Pakenham VIC 3810",(03) 5940 2208
904,Pakenham,Legal Services,Francis Alan Rutherford Barrister & Solicitor,-38.075107,145.491992,"55 Simon Dr, Pakenham VIC 3810",0418 569 566
905,Pakenham,Legal Services,Securitinet Conveyancing PTY Ltd.,-38.071716,145.475174,"156 Main St, Pakenham VIC 3810",(03) 5941 1577
906,Pakenham,criminal justice attorney,Galbally & O'Bryan,48.436408,-123.371959,"Shop 1/15 John St, Pakenham VIC 3810",(03) 5941 7990
913,Pakenham,Solicitor,Conveyancing Pakenham $350.00 by GSY Lawyers,-38.06411,145.433533,"William Ct, Melbourne 3000 Pakenham VIC 3810",(03) 8338 0298
914,Pakenham,Solicitor,Megan Copas Solicitor,-38.04303,145.437393,"250 Brown Rd, Pakenham VIC 3810",(03) 5943 1203
916,Donvale - Park Orchards,Legal Services,Madison Sloan Lawyers,-37.7798064,145.2170613,,
917,Mordialloc - Parkdale,Legal Services,Leonidas Lawyers,-37.994398,145.092186,,
918,Mordialloc - Parkdale,Legal Services,CCS Lawyers,-37.9929397,145.0782015,,
919,Pascoe Vale,Legal Services,Sarah Jefford - Family & Surrogacy Lawyer,-37.732494,144.9473782,,
920,Pascoe Vale ,,De Marco Lawyers,-37.706691,144.916444,"794A Pascoe Vale Rd, Pascoe Vale VIC 3044",(03) 9304 9500
921,Pascoe Vale ,,Peter G. Arnheim & Associates,-37.731705,144.938799,"341 Gaffney St, Pascoe Vale VIC 3044",(03) 9350 4233
922,Pascoe Vale ,,FJR Lawyers,-37.7392572,144.9476325,"356 Bell St, Pascoe Vale South VIC 3044",(03) 9355 7742
923,Carrum - Patterson Lakes,Legal Services,DCA Lawyers,-38.0683278,145.1424683,,
924,Carrum - Patterson Lakes,Legal Services,DCA Lawyers,-38.0685241,145.1423616,,
925,Pearcedale - Tooradin,,Hollander & Co. Conveyancing,-38.2029647,145.2351541,,
926,Point Cook,Legal Services,Campus Lawyers & Associates,-37.8956776,144.752622,,
927,Point Cook,Legal Services,Parkside Conveyancing Services,-37.8992859,144.7395136,,
928,Point Cook,Legal Services,Ammanah Legal,-37.8726574,144.7453277,,
929,Point Cook,Legal Services,Joshi Lawyers,-37.871534,144.747405,,
930,Point Cook,Legal Services,West Lawyers,-37.8833492,144.7359529,,
931,Point Cook,Legal Services,Law Partners - Personal Injury Lawyers Point Cook,-37.8836122,144.7351052,,
932,Point Cook,Legal Services,Hegedich & De Crescenzo Lawyers,-37.8827188,144.7355193,,
933,Point Cook,Legal Services,REALCHOICE CONVEYANCING SERVICES,-37.8921699,144.7229929,,
934,Point Cook,Legal Services,Glaister Legal - Solicitors and Advisors,-37.9099987,144.7785496,,
935,Point Cook,Legal Services,"Oceania Immigration - Hoppers Crossing, Point Cook, Tarneit, Werribee and Wyndham Vale",-37.9178086,144.7477259,,
936,Point Cook,Legal Services,Safra Conveyancing - Fixed Price & Low Cost Services,-37.906111,144.7446391,,
937,Point Cook,Legal Services,Sanctuary Lakes Resort Services Ltd,-37.8962801,144.761632,,
938,Point Lonsdale,Legal Services,Corrective Legal Services & Associates ÃŒÂ´Ã¥Â¬,-38.2754772,144.611432,,
939,Point Lonsdale,Legal Services,Peter Boyle Barrister & Solicitor,-38.2799533,144.608351,,
941,Port Melbourne,Legal Services,Southport Community Legal Service.,-37.8379471,144.9415702,,
942,Port Melbourne,Legal Services,Behan Legal,-37.837896,144.943365,,
945,Portsea,Legal Services,Moreheads Lawyers,-38.320619,144.714653,,
947,Preston,Legal Services,Aboriginal Legal Service Co-Operative Ltd,-37.7437733,145.0028343,,
948,Preston,Legal Services,BTT LAWYERS,-37.7405134,145.0038987,,
949,Preston,Legal Services,Elamine Lawyers,-37.7468901,145.0083062,,
950,Preston,Legal Services,TBA Law Preston,-37.729332,144.991331,,
951,Preston,Legal Services,James McDermott Family Law Accredited Specialist,-37.7451034,145.0011652,,
952,Preston,Legal Services,Kerdo Legal,-37.7467532,145.0081639,,
953,Preston,Legal Services,Australian Real Estate Conveyancing Services,-37.7386851,145.0046215,,
954,Preston,Legal Services,James McDermott & Associates,-37.7438474,145.0032445,,
955,Preston,Legal Services,Empire Migration Consultants,-37.7469884,145.0082674,,
957,Preston,Legal Services,Family Conveyancing Services,-37.737238,145.022216,,
961,Carlton North - Princes Hill,Legal Services,Lygon Street Legal Services,-37.7825719,144.9697534,,
963,Reservoir,Legal Services,Darebin Community Legal Centre,-37.716671,145.006262,,
964,Reservoir,Legal Services,Novatsis & Alexander Solicitors,-37.717038,145.008015,,
965,Reservoir,Legal Services,Natoli Howell,-37.715535,145.006418,,
969,Richmond,Legal Services,Hammersmith Lawyers,-37.818713,145.002746,,
971,Riddells Creek,Legal Services,Tolhurst Druce & Emmerson,-37.4636159,144.6777258,,
972,Ringwood,Legal Services,Victoria Legal Aid Ringwood,-37.8138314,145.2272518,,
973,Ringwood,Legal Services,EACH,-37.814781,145.22069,,
974,Ringwood,Legal Services,Paul Vale Criminal Law,-37.8148724,145.2275024,,
975,Ringwood,Legal Services,Aughtersons Solicitors,-37.8131525,145.2338277,,
976,Ringwood,Legal Services,DeLancey Legal,-37.8112831,145.2266247,,
977,Ringwood,Legal Services,Worrells Solvency & Forensic Accountants,-37.8115342,145.2358039,,
978,Ringwood,Legal Services,Michael J Gleeson & Associates,-37.813534,145.226953,,
979,Ringwood,Legal Services,YourLawyer Pty Ltd,-37.8145826,145.2202578,,
980,Ringwood,Legal Services,TSA Lawyers,-37.820054,145.21371,,
981,Ringwood,Legal Services,Maurice Blackburn Lawyers Ringwood,-37.816854,145.22496,,
982,Ringwood,Legal Services,Smoorenburg Patent & Trade Mark Attorneys,-37.814148,145.2314772,,
983,Ringwood,Legal Services,Better Place Australia Ringwood,-37.8064646,145.2424294,,
984,Ringwood,Legal Services,Radebe & Associates,-37.816265,145.220429,,
990,Ringwood,Legal Services,Go To Court Lawyers,-37.8152969,145.2202352,,
992,Ringwood,Legal Services,Holt & Macdonald,-37.8146895,145.223763,,
995,Ringwood,Legal Services,Dribbin & Brown Criminal Lawyers,-37.813841,145.226953,,
997,Ringwood,Legal Services,Devenish Lawyers,-37.8138409,145.226953,,
999,Ringwood East,Legal Services,Richard Wood Solicitors,-37.8132958,145.2476685,,
1000,Ringwood East,Legal Services,Mulligan Family and Divorce Lawyers,-37.8122022,145.2509116,,
1001,Ringwood East,Legal Services,Byways Conveyancing Service,-37.8192551,145.244279,,
1005,Ringwood East,Legal Services,MJ Legal,-37.802793,145.253138,,
1006,Romsey,Legal Services,"TBA Law Romsey, formerly James Kelleher Lawyers",-37.3495508,144.7431938,,
1007,Heidelberg - Rosanna,Legal Services,Fin Law Legal Services,-37.736392,145.069688,,
1008,Heidelberg - Rosanna,Legal Services,Boutique Legal Pty Ltd,-37.7436496,145.0660878,,
1009,Heidelberg - Rosanna,Legal Services,Glenys Dolphin,-37.738286,145.067838,,
1011,Rosebud - McCrae,Legal Services,Peninsula Community Legal Centre Inc.,-38.3595084,144.8921111,,
1012,Rosebud - McCrae,Legal Services,Mornington Peninsula Legal Service Pty Ltd,-38.3541488,144.9123911,,
1013,Rosebud - McCrae,Legal Services,McGuinness Legal,-38.3569202,144.9031064,,
1014,Rosebud - McCrae,Legal Services,Prudent Legal,-38.356599,144.903811,,
1015,Rosebud - McCrae,Legal Services,White Cleland,-38.356861,144.904824,,
1016,Rosebud - McCrae,Legal Services,Port Phillip Conveyancing - Rosebud Branch,-38.3565139,144.9063895,,
1023,Rowville,Legal Services,JH Legal,-37.917684,145.2376582,,
1024,Rowville,Legal Services,Superior Conveyancing Services,-37.914038,145.2569553,,
1025,Rowville,Legal Services,Patricia Hepworth,-37.917659,145.23787,,
1026,Rowville,Legal Services,Mackinnon Conveyancing,-37.9138213,145.2571308,,
1027,Rowville,Legal Services,Chandra Weerakoon,-37.904536,145.273816,,
1028,Roxburgh Park - Somerton,Legal Services,Zora Law,-37.6371631,144.9339245,,
1029,Roxburgh Park - Somerton,,SLR CONVEYANCING,-37.634918,144.920967,"20 Solander Ct, melbourne VIC 3064",(03) 9305 3065
1030,Rye,Legal Services,Mccarthy Partners,-38.371279,144.827188,,
1032,Safety Beach,,Sargeants Southern Peninsula,-38.30819,144.995771,,
1033,Safety Beach,,Hidden Harbour - MP Conveyancing ( Safety Beach ),-38.312324,145.002998,,
1034,Knoxfield - Scoresby,Legal Services,Anthony Raso & Associates,-37.8983018,145.2299554,,
1035,Seaford,Legal Services,Michael Ongarello & Associates Pty Ltd,-38.1158367,145.1406598,,
1036,Seaford,Legal Services,A1 Debt Assistance,-38.1000272,145.1258351,,
1037,Seaford,Legal Services,Lisa Davies & Associates - Seaford,-38.1152899,145.1404499,,
1038,Wandin - Seville,Legal Services,Bruce Caldwell & Associates,-37.778128,145.459417,,
1039,Shepparton,Legal Services,Community Legal Centres(Vic,-36.3813261,145.3995382,,
1040,Shepparton,Legal Services,Victorian Aboriginal Legal Service Co-operative Ltd,-36.381551,145.39951,,
1041,Somerville,Legal Services,Southern Peninsula Conveyancing,-38.2248886,145.1749863,,
1042,Somerville,Legal Services,Guthrie & Associates,-38.22528,145.1751218,,
1043,Somerville,,Walsh Conveyancing,-38.2240448,145.1765687,,
1044,Somerville,,Brendan Bastin,-38.2319419,145.165447,,
1045,Somerville,,Conveyancer Frankston,-38.224068,145.176585,,
1046,Sorrento,Legal Services,Woodhams O'Keeffe & Co,-38.3395134,144.7376547,,
1048,South Melbourne,Legal Services,Kenna Law Collaborative Legal Services,-37.8318106,144.9574006,,
1049,South Melbourne,Legal Services,Workplace Legal Pty Ltd,-37.8351395,144.9705197,,
1052,South Melbourne,Legal Services,Gomez Lawyers,-37.8305284,144.9599095,,
1053,South Melbourne,Legal Services,Montague Legal,-37.837062,144.953681,,
1054,South Melbourne,Legal Services,Topdocs,-37.8330902,144.9717021,,
1055,South Morang,Legal Services,"HDH Legal - Conveyancing, Leases and Businesses",-37.6518496,145.0853713,,
1056,South Morang,Legal Services,Law Partners - Personal Injury Lawyers South Morang,-37.6517556,145.0859519,,
1057,South Morang,Legal Services,Irvine Lawyers,-37.6517678,145.0860097,,
1061,South Yarra,Legal Services,"Michael T Helman Lawyers - Family Law, Legal Services",-37.838628,144.996137,,
1062,South Yarra,Legal Services,CIE Legal,-37.8392402,144.9964685,,
1064,South Yarra,Legal Services,HR Legal,-37.843396,144.996672,,
1065,South Yarra,Legal Services,TOD Legal,-37.8358609,144.9967066,,
1066,Spotswood,Legal Services,LP Family Law,-37.829802,144.8817381,,
1067,Springvale,Legal Services,Springvale Monash Legal Service Inc.,-37.9463917,145.1487588,,
1069,Springvale,Legal Services,Felix A Vitiello,-37.941736,145.154464,,
1070,Springvale,Legal Services,Loke & Associates,-37.9472333,145.1527815,,
1071,Springvale,Legal Services,May's Conveyancing,-37.950246,145.152997,,
1072,Springvale,Legal Services,Nathan Dorevitch Lawyers,-37.9503241,145.1530356,,
1073,Springvale,Legal Services,Clifford Lawyers,-37.9523684,145.1520561,,
1074,Springvale,Legal Services,Zed Law Springvale,-37.950641,145.149586,,
1075,St Albans,Legal Services,Lanham Lawyers,-37.743768,144.798233,,
1076,St Albans,Legal Services,Brimbank Melton Community Legal Centre,-37.743613,144.796911,,
1077,St Albans,Legal Services,Hughes Watson Marks Kennedy Lawyers,-37.744576,144.800681,,
1078,St Albans,Legal Services,Griffin Law Firm,-37.7440588,144.7974499,,
1079,St Albans,Legal Services,Monica Shamon Lawyers,-37.7423695,144.8005856,,
1080,St Albans,Legal Services,St Albans Conveyancing,-37.737452,144.81376,,
1081,St Albans,Legal Services,KPT Conveyancing Services,-37.745068,144.8093521,,
1082,St Albans,Legal Services,Agricola Wunderlich & Associates,-37.7434494,144.8004813,,
1083,St Albans,Legal Services,Bogunovic Lawyers,-37.742545,144.801265,,
1087,St Kilda,Legal Services,LegalVision,-37.856927,144.989256,,
1088,St Kilda,Legal Services,Franchise Legal,-37.8569291,144.9890539,,
1091,St Kilda,Legal Services,Legal Zebra,-37.8575963,144.9837295,,
1092,St Kilda,Legal Services,ALFREDS ATTORNEYS,-37.8686352,144.9905109,,
1093,Strathmore,Legal Services,MACLEGAL (incorporating MCF Lawyers),-37.737604,144.906375,,
1095,Sunbury,Legal Services,McClure Law,-37.576589,144.7277,"8 Horne St, Sunbury VIC 3429",(03) 9744 1881
1096,Sunbury,Legal Services,G&G Legal,-37.577114,144.7274,"14 Horne St, Sunbury VIC 3429",(03) 9744 2688
1097,Sunbury,Legal Services,E.C. Conveyancing,-37.5814805,144.7254,"57/59 Horne St, Sunbury VIC 3429",(03) 9740 8560
1098,Sunbury,Legal Services,Kavanagh Lawyers,-37.5796877,144.7307,"22 Oshanassy St, Sunbury VIC 3429",(03) 9744 2911
1099,Sunbury,Legal Services,Wilkinson Lawyers,-37.5803108,144.7293,"1/69-71 Evans St, Sunbury VIC 3429",0468 364 121
1100,Sunbury,Legal Services,Knight & Associates,-37.5802854,144.7292,"69 Evans St, Sunbury VIC 3429",(03) 9740 4442
1101,Sunbury,Legal Services,McNab McNab & Starke Lawyers,-37.5827401,144.7283,"30 Station St, Sunbury VIC 3429",(03) 9744 2666
1102,Sunshine,Legal Services,Maurice Blackburn Lawyers Sunshine,-37.780132,144.829008,,
1103,Sunshine,Legal Services,Sunshine Youth Legal Centre,-37.7816573,144.8308559,,
1104,Sunshine,Legal Services,Daniel Lawyers & Associates (incorporating Patrick Cash & Associates),-37.786159,144.833127,,
1105,Sunshine,Legal Services,Ferraro & Co Pty Ltd,-37.7876292,144.8304051,,
1106,Sunshine,Legal Services,Hartleys Lawyers,-37.7781759,144.8361604,,
1107,Sunshine,Legal Services,Doogue + George Criminal Lawyers Sunshine,-37.7882005,144.829893,,
1108,Sunshine,Legal Services,Devonshire Conveyancing,-37.7850122,144.8324907,,
1109,Sunshine,Legal Services,Andrew George Solicitors,-37.785687,144.832479,,
1110,Sunshine,Legal Services,Shine Lawyers,-37.785414,144.832861,,
1111,Sunshine,Legal Services,Sunshine Family Relationship Centre,-37.7866058,144.8326427,,
1112,Sunshine,Legal Services,Slater and Gordon Lawyers,-37.7861524,144.8330349,,
1113,Sunshine,Legal Services,Marcou & Associates Lawyers,-37.785607,144.831645,,
1116,Sunshine North,Legal Services,Sunshine Legal Aid,-37.7766616,144.8316172,,
1117,Sunshine North,Legal Services,M&M Services Pty Ltd,-37.7733886,144.8294895,,
1119,Tarneit,Legal Services,Sai Migration Consultants,-37.8341731,144.6622,"21 Barrangi Dr, Tarneit VIC 3029",0425 426 849
1120,Tarneit,Legal Services,Star Migration Services,-37.8554179,144.6496,"21 Stanhope Rd, Tarneit VIC 3029",0403 608 872
1121,Tarneit,Legal Services,Computing & Legal Services Pty Ltd,-37.863655,144.6689,"31 Medina Dr, Hoppers Crossing VIC 3029",(03) 8742 2525
1122,Tarneit,Legal Services,Safra Conveyancing,-37.8457883,144.6815,"10 Laurina Ave, Tarneit VIC 3029",0401 166 485
1123,Tarneit ,,Sai Migration Consultants,-37.8341731,144.6621692,"21 Barrangi Dr, Tarneit VIC 3029",0425 426 849
1124,Taylors Lakes,Legal Services,Brimbank Conveyancing Services PTY Ltd.,-37.70247,144.786194,,
1125,Taylors Lakes,Legal Services,Aberdeen Lawyers,-37.694461,144.781703,,
1126,Taylors Lakes,Legal Services,MS Justice Legal,-37.702121,144.800587,,
1129,Templestowe,Legal Services,Stern LegalÃ¥Ã_ÃŒÃùÃŒÃè,-37.7567961,145.1301551,,
1131,Thomastown,Legal Services,Rangi Lawyers,-37.680876,145.013518,,
1132,Thomastown,Legal Services,Aussizz Migration Agents & Education Consultants in Thomastown - Aussizz Group,-37.6799939,145.013695,,
1133,Thomastown,Legal Services,John Dellios & Associates,-37.680881,145.013307,,
1134,Thomastown,Legal Services,Vantage Bay Conveyancing & Financial Services,-37.680549,145.013391,,
1139,Thomastown,Legal Services,Dellios West & Co,-37.6803808,145.0139294,,
1140,Thomastown,Legal Services,LN Christie & Co,-37.680956,145.013292,,
1141,Thornbury,Legal Services,Phoenix Legal Solutions,-37.7618714,144.9997719,,
1142,Toolern Vale,Legal Services,"Alfred J. Leckie Civil Celebrant - Marriage Celebrant, Weddings, Naming Ceremonies",-37.6072929,144.5955321,,
1143,Toorak,Legal Services,Mathews Family Law & Mediation Specialists,-37.848309,145.0062607,,
1145,Torquay,Legal Services,Coulter Roache,-38.3318626,144.3243888,,
1146,Tullamarine,Legal Services,Gladstone Process Service & Enquiry Agents,-37.70074,144.882613,,
1147,Tyabb,,Peninsula Law - Tyabb,-38.2606995,145.1901534,,
1148,Upper Ferntree Gully,Legal Services,Ross Legal Pty Ltd,-37.893606,145.306825,,
1150,Upper Ferntree Gully,Legal Services,Jasons Lawyers,-37.893799,145.306916,,
1151,Upwey - Tecoma,Legal Services,DMAC Legal,-37.9041233,145.3313699,,
1152,Vermont South,Legal Services,James Tan Immigration Consultants,-37.847949,145.183239,,
1153,Wallan,Legal Services,TBA Law Wallan,-37.4141468,144.9786264,,
1154,Wandin North,Legal Services,Justin P Foster,-37.80951,145.43002,,
1155,Wantirna,Legal Services,Skilled Conveyancing Services PTY Ltd.,-37.8477621,145.2326893,,
1156,Wantirna South,Legal Services,Metropolitan Solicitors,-37.8703975,145.2381249,,
1158,Wantirna South,Legal Services,Ballards Solicitors,-37.870287,145.237822,,
1159,Wantirna South,Legal Services,Mathew James Lawyers,-37.8829839,145.2380428,,
1160,Warragul,Legal Services,Simon Parsons & Co.,-38.161846,145.9404364,,
1161,Warragul,Legal Services,Neil Freestone,-38.139714,145.962399,,
1162,Warragul,Legal Services,M. Davine,-38.166273,145.9401663,,
1163,Warragul,Legal Services,Better Place Australia Warragul,-38.1617361,145.9357653,,
1164,Warragul,Legal Services,Ian Brooks,-38.1635083,145.9296313,,
1165,Warragul,Legal Services,Wakefield & Vogrig Lawyers - Sabina Wakefield,-38.1601405,145.9333566,,
1166,Warragul,Legal Services,Kevin Davine & Sons,-38.1595022,145.9315541,,
1167,Warragul,Legal Services,Miceal Ambrose Lawyers,-38.1600594,145.9337226,,
1168,Warragul,Legal Services,SJD Law - Lawyers & Conveyancers,-38.16332,145.9308413,,
1169,Warragul,,Bowers Conveyancing Services,-38.1635211,145.9299396,,
1170,Warragul,,Richard Connelly Lawyer,-38.1612317,145.9363179,,
1171,Warragul,,Wakefield Vogrig & Boote Lawyers,-38.1601155,145.9340621,,
1172,Research - North Warrandyte,Legal Services,Rush & Hampshire Barristers & Solicitors,-37.7377323,145.2190774,,
1174,Werribee,Legal Services,WEstjustice,-37.900232,144.662484,,
1175,Werribee,Legal Services,Tony Hannebery Lawyers,-37.9029624,144.6634597,,
1176,Werribee,Legal Services,Arnold Thomas Becker Werribee Office,-37.901162,144.661235,,
1177,Werribee,Legal Services,Perfect Conveyancing,-37.9024631,144.6611974,,
1178,Werribee,Legal Services,Callea Pearce Lawyers,-37.9011262,144.6619605,,
1179,Werribee,Legal Services,Slater and Gordon Lawyers,-37.9031428,144.6577272,,
1180,Werribee,Legal Services,Your Solicitor,-37.872214,144.661533,,
1181,Werribee,Legal Services,Amato Emanuel & Sons Process Service Agency,-37.90916,144.673456,,
1182,Werribee,Legal Services,De Marco Lawyers,-37.899829,144.661708,,
1183,Werribee,Legal Services,Ryan Carlisle Thomas Lawyers,-37.901549,144.661785,,
1184,Werribee,Legal Services,Migration Worldwide - Werribee,-37.9013924,144.6631326,,
1185,Werribee,Legal Services,Low Cost Conveyancing Services,-37.8773449,144.6776813,,
1186,Werribee,Legal Services,Le Brun & Associates Law Firm - Solicitors and Divorce Lawyers,-37.9027057,144.6594239,,
1187,Werribee,Legal Services,Twigg Family Law,-37.9003729,144.6623729,,
1188,Werribee,Legal Services,Purcell & Purcell,-37.899877,144.662946,,
1189,Werribee,Legal Services,Western Legal & Conveyancing,-37.9013619,144.6630193,,
1190,Werribee,Legal Services,SMP Legal,-37.8998289,144.661708,,
1191,Werribee,Legal Services,Stary Norton Halphen Criminal Lawyers,-37.901386,144.6621551,,
1192,Werribee,Legal Services,Mantello Lawyers,-37.8995563,144.6642265,,
1193,Werribee,Legal Services,Coolabah Law Chambers,-37.891669,144.656572,,
1194,Werribee,Legal Services,Rigoli Lawyers,-37.9029701,144.6579559,,
1195,Werribee,Legal Services,Ebejer & Associates Lawyers,-37.901386,144.664756,,
1198,West Melbourne,Legal Services,Newland Migration,-37.8059071,144.9549399,,
1199,Wheelers Hill,Legal Services,Kings Legal Services,-37.89349,145.17613,,
1201,Wheelers Hill,Legal Services,A.I.F Lucas & Co,-37.894117,145.188284,,
1202,Whittlesea,Legal Services,Glenister I & Associates,-37.5116766,145.1179086,,
1203,Whittlesea,Legal Services,Northern Conveyancing Services,-37.511591,145.117679,,
1204,Williams Landing,Legal Services,Johnston Construction Lawyers,-37.857795,144.734294,,
1205,Williamstown,Legal Services,Berry Family Law,-37.857915,144.891907,,
1206,Prahran - Windsor,Legal Services,Luscombe Immigration Law Services,-37.8540304,144.9904863,,
1208,Woodend,Legal Services,JS Law Barrister and Solicitor,-37.3564765,144.5268506,,
1209,Woodend,Legal Services,Alan Hebb,-37.3569499,144.5282998,,
1210,Wyndham Vale,Legal Services,FMC Mediation and Counselling Wyndham Vale,-37.871673,144.6131763,,
1211,Yarra Junction,Legal Services,Brockway Legal,-37.781323,145.614184,,
1212,Plenty - Yarrambat,Legal Services,Baillie Conveyancing Services,-37.6256422,145.1356012,,
1213,Yarraville,Legal Services,IPT Law - Surrogacy & ART Legal Advice,-37.8166569,144.8893112,,
1303,Heidelberg - Rosanna,Legal Services,DJ Thwaites Pty Ltd,-37.7433386,145.0650367,"106 Lower Plenty Rd, Rosanna VIC 3084",(03) 9459 6755
1304,Heidelberg - Rosanna,Legal Services,Bowlen Dunstan and Associates Pty,-37.7434129,145.0659317,"38 Beetham Parade, Rosanna VIC 3084",(03) 9459 5755
1305,Heidelberg - Rosanna,Legal Services,North Star Conveyancing Group,-37.7432358,145.0653813,"Suite 3/116 Lower Plenty Rd, Rosanna VIC 3084",0414 965 248
1307,Northcote,Legal Services,Stapleton Michael V,-37.7708511,145.0136754,"215 Separation St, Northcote VIC 3070",(03) 9489 2039
1308,Northcote,Legal Services,A W B Legal,-37.775863,144.990727,"24 Clarke St, Northcote VIC 3070",(03) 9489 4303
1309,Northcote,Legal Services,Nest Legal,-37.768924,144.998933,"397 High St, Northcote VIC 3070",(03) 9486 5269
1310,West Footscray - Tottenham,Legal Services,Trident Legal,-37.7976072,144.8983152,"1/40 Droop St, Footscray VIC 3011",(03) 9966 8790
1311,West Footscray - Tottenham,Legal Services,Lieu & Associates,-37.8012018,144.9007654,"48 Leeds St, Footscray VIC 3011",(03) 9689 6393
1312,West Footscray - Tottenham,Legal Services,"Westjustice, Western Community Legal Centre",-37.8026338,144.8894888,"1/72 Buckley St, Footscray VIC 3011",(03) 9749 7720
1313,Malvern - Glen Iris,Legal Services,Moyle Legal,-37.86684,145.03067,"91 Station St, Malvern VIC 3144",(03) 9509 9360
1314,Malvern - Glen Iris,Legal Services,McDonald Lawyers,-37.849189,145.036177,"1/35 A Elizabeth St, Malvern VIC 3144",0405 278 865
1315,Clayton,Legal Services,JK Lawyers,-37.9115341,145.1488277,"3/31 Duerdin St, Clayton VIC 3168",(03) 9562 2662
1316,Mulgrave,Legal Services,Porto Grace & Drew Lawyers,-37.9244437,145.1493536,"5A Hartnett Cl, Mulgrave VIC 3170",1300 609 400
1318,Doncaster,Legal Services,Luna & Xia Lawyers,-37.7851377,145.1255238,"Westfield Doncaster Office Tower, 7001/619 Doncaster Rd, Doncaster VIC 3108",(03) 9848 2949
1319,Doncaster,Legal Services,Plaza Legal,-37.7864092,145.144077,"857 Doncaster Rd, Doncaster East VIC 3109",(03) 9848 4144
1320,Doncaster,Legal Services,Lawcorp Lawyers,-37.7892332,145.1599965,"Level 2/1006 Doncaster Rd, Doncaster East VIC 3109",(03) 9894 6888
1321,Wantirna South,Legal Services,The David Law Firm,-37.8706383,145.24404,"1/2 Capital City Blvd, Wantirna South VIC 3152",(03) 9800 5158
1322,Wantirna South,Legal Services,Metropolitan Solicitors,-37.8703746,145.2381374,"1/426 Burwood Hwy, Wantirna South VIC 3152",(03) 9800 5400
1323,Wantirna South,Legal Services,"Cooper, Hart, Leggiero and Whitehead",-37.8700495,145.235584,"Unit 9/410 Burwood Hwy, Wantirna South VIC 3152",(03) 9800 5158
1324,Carlton North - Princes Hill,Legal Services,Schembri & Co Lawyers,-37.8033724,144.9646784,"1/135 Cardigan St, Carlton VIC 3053",(03) 9347 0355
1325,Carlton North - Princes Hill,Legal Services,FCG Legal,-37.806258,144.967747,"28 Drummond St, Carlton VIC 3053",(03) 8660 4700
1326,Sandringham - Black Rock,Legal Services,Tragear& Harris Lawyers,-37.950561,145.003426,"1/23-25 Melrose St, Sandringham VIC 3191",(03) 9583 6168
1327,Cheltenham - Highett,Legal Services,Ivan P Smith & Associates,-37.9657332,145.0564438,"2/10 Park Rd, Cheltenham VIC 3192",(03) 9585 1300
1329,Balwyn,Legal Services,Ron Spezzano & Associates,-37.802795,145.076563,"1/110 Belmore Rd, Balwyn VIC 3103",(03) 9859 3144
1330,Hoppers Crossing,Legal Services,Sargeants-Altona,-37.8749704,144.7183521,"Old Geelong Rd, Hoppers Crossing VIC 3029",(03) 9749 0229
1331,Mill Park,Legal Services,Chesser Lawyers,-37.6751069,145.0709381,"3 Grevillia Dr, Mill Park VIC 3082",0488 435 198
1332,Mill Park,Legal Services,Demarte Lawyers,-37.6657776,145.0602771,"Suite 18 Level 1, The Stables Shopping Centre, 314-360 Childs Rd, Mill Park VIC 3082",(03) 8418 6677
1333,Port Melbourne,Legal Services,McCluskys Lawyers,-37.8404978,144.9402636,"111 Bay St, Port Melbourne VIC 3207",(03) 9646 2833
1334,Port Melbourne,Legal Services,Willsmart,-37.841724,144.9393803,"50 Bay St, Port Melbourne VIC 3207",1300 725 789
1335,Upwey - Tecoma,Legal Services,House & Land Conveyancing Pty Ltd,-37.9044314,145.33364,"1458 Burwood Hwy, Upwey VIC 3158",(03) 9754 8777
1336,Cranbourne North,Legal Services,SD Small Business Services,-38.082765,145.28376,"21 Filomena Ct, Cranbourne North VIC 3397",0479 087 807
1337,Vermount South,Legal Services,Keith Elliott,-37.8506418,145.1750337,"17 Adrian Ave, Vermont South VIC 3133",(03) 9887 8136
1338,Vermount South,Legal Services,A. Hymans Solicitors,-37.854325,145.188392,"37 Woodleigh Cres, Vermont South VIC 3133",(03) 9803 0907
1339,Thornbury,Legal Services,Comito lacovino & Co,-37.759446,145.000633,"660 High St, Thornbury VIC 3071",(03) 9480 1544
1340,Thornbury,Legal Services,A.G. Novatsis & Associates,-37.7618546,145.0004498,"594 High St, Thornbury VIC 3071",0412 623 805
1341,Thornbury,Legal Services,Walsh Johnston & Co,-37.7665232,144.9994984,"454 High St, Northcote VIC 3070",(03) 9489 9566
1342,Thornbury,Legal Services,???? ???????,-37.758396,144.990863,"100 Normanby Ave, Thornbury VIC 3071",
1343,Thornbury,Legal Services,Phillips & Wilkins Solicitors,-37.755782,145.000865,"823 High St, Thornbury VIC 3071",
1344,Geelong West,Legal Services,Succession Legal,-38.1421501,144.3492986,"66 Hope St, Geelong West VIC 3218",
1345,Geelong West,Legal Services,McIntyre & Statton,-38.1470093,144.3507932,"16 Aberdeen St, Geelong West VIC 3218",
1346,Williamstown,Legal Services,Williamstown Lawyers,-37.856804,144.898161,"64 Stevedore St, Williamstown VIC 3016",
1347,Williamstown,Legal Services,Launch Legal,-37.862787,144.9017454,"12 Parker St, Williamstown VIC 3016",
1348,Williamstown,Legal Services,Matthew Oldham Barrister & Solicitor,-37.8581816,144.889605,"1/145 Railway Pl, Williamstown VIC 3016",
1349,Williamstown,Legal Services,Gavan J Black Lawyers & Consultants,-37.8594563,144.9002465,"27 Ferguson St, Williamstown VIC 3016",
1350,Darley,Legal Services,Infinity Accountants,-37.6547739,144.4199644,"2 Webster St, Darley VIC 3340",
1351,Williams Landing,Legal Services,Way2OZ Migration Services,-37.8575017,144.7483695,"2 Wildebrand Ave, Williams Landing VIC 3027",
1352,Hillside,Legal Services,Shanley Management Services,-37.6861381,144.7384986,"14/49-69 Royal Cres, Hillside VIC 3037",
1353,Hillside,Legal Services,Loan Market Mortgage Broker Beti Butrakoska,-37.6909409,144.7494448,"5 Bedingham Dr, Hillside VIC 3037",
1354,Beaconsfield - Officer,Legal Services,ISO Consultancy,-38.0697091,145.4226944,"27 Christopher Rd, Officer Melbourne VIC 3809",
1355,Yarra Junction,Legal Services,Mepstead Lawyers,-37.7815806,145.6163859,"2485 Warburton Hwy, Yarra Junction VIC 3797",
1356,Yarra Junction,Legal Services,O'Brien and Black Lawyers,-37.7818907,145.6147206,"2466 Warburton Hwy, Yarra Junction VIC 3797",
1357,Yarra Junction,Legal Services,Black G a & Co,-37.781329,145.6137534,"2457 Warburton Hwy, Yarra Junction VIC 3797",
1358,Ballarat Central,Legal Services,Ballarat Legal Resolution Services,-37.562146,143.855389,"Level 1 City Centre Arcade, 315 - 317 Sturt Street, Ballarat Central VIC 3350",
1359,Ballarat Central,Legal Services,Law on Lydiard,-37.5630301,143.8571499,"26 Lydiard St S, Ballarat Central VIC 3350",
1360,Ballarat Central,Legal Services,Ballarat Lawyers,-37.5635856,143.8571936,"42 Lydiard St S, Ballarat Central VIC 3350",
1361,Ballarat Central,Legal Services,Cinque Oakley Senior,-37.563243,143.8533307,"17 Dawson St S, Ballarat Central VIC 3350",
1362,Ballarat Central,Legal Services,Nevett Wilkinson Frawley Lawyers,-37.5632194,143.8577894,"41 Lydiard St S, Ballarat Central VIC 3350",
1363,Ballarat Central,Legal Services,Latham Moore & Associates,-37.830047,144.8879411,"55 Hudsons Rd, Spotswood VIC 3015",
1364,Tullamarine,Legal Services,GC Melbourne Lawyers,-37.7116503,144.8634343,"3/10 Assembly Dr, Tullamarine VIC 3043",
1365,Mentone,Legal Services,Parsons Tim & Associates,-37.985539,145.057333,"15 Plummer Rd, Mentone VIC 3194",
1366,Mentone,Legal Services,Upgrade Investment Pty Ltd,-37.985,145.068889,"PO 586, Mentone VIC 3194",
1367,Mentone,Legal Services,Brendan Holland & Michael Cahir,-37.980943,145.063491,"130 Balcombe Rd, Mentone VIC 3194",
1368,Harkaway,Legal Services,Vankish Lawyers,-37.975,145.377637,"1-5 Tangara Ln, Harkaway VIC 3806",
1369,Hadfield,Legal Services,MC Conveyancing Services,-37.7131969,144.9440413,"16 Dickinson St, Hadfield VIC 3046",
1370,Drysdale,Legal Services,Ristevski Lawyers,-38.1731327,144.5708341,"1 High St, Drysdale VIC 3222",
1371,Mccrae,Legal Services,Anderson Alan J & Associates PTY LTD,-38.3578173,144.9222833,"1 Surrey St, McCrae VIC 3938",
1372,Alphington - Fairfield,Legal Services,Matisi Legal Lawyers,-37.766096,145.019844,"5/306 Station St, Fairfield VIC 3078",
1373,Torquay,Legal Services,Cornish Lawyers Pty Ltd,-38.3310571,144.3245566,"l1/6 Walker St, Torquay VIC 3228",
1374,Torquay,Legal Services,Roy Morris & Co PTY LTD,-38.331862,144.3236177,"26 Pearl St, Torquay VIC 3228",
1375,Torquay,Legal Services,Mann Legal - Torquay,-38.3308527,144.3246131,"7 Zeally Bay Rd, Torquay VIC 3228",
1376,Ocean Grove,Legal Services,Vines Lawyers,-38.2677143,144.5230563,"3/69 The Terrace, Ocean Grove VIC 3226",
1377,Ocean Grove,Legal Services,Barwick Ristevski Lawyers,-38.2666762,144.5235405,"79 The Parade, Ocean Grove VIC 3226",
1378,Ivanhoe East - Eaglemont,Legal Services,Corporate Mercantile,-37.765387,145.068799,"20 Glenard Dr, Eaglemont VIC 3084",
1379,Dandenong South,Legal Services,Helen Proctor Consulting & Legal,-38.0413723,145.2254244,"140 Colemans Rd, Lyndhurst VIC 3975",
1380,Carnegie,Legal Services,Thompson & Thompson,-37.889041,145.056907,"145 Koornang Rd, Carnegie VIC 3163",
1381,Carnegie,Legal Services,"Denim Law (Criminal, Family)",-37.8839311,145.0547101,"Suite 8/1044a Dandenong Rd, Carnegie VIC 3163",
1382,Carnegie,Legal Services,Koornang Legal Services,-37.884744,145.058089,"22 Koornang Rd, Carnegie VIC 3163",
1383,Carnegie,Legal Services,Vision Solicitors-Legal Solutions,-37.8884563,145.056896,"Suite 1, Level, 1/23 Koornang Rd, Carnegie VIC 3163",
1384,caulfield,Legal Services,Le Mercier Legal Pty Ltd,-37.884453,145.036471,"33 Booran Rd, Caulfield VIC 3162",
1385,caulfield,Legal Services,Freed & Golding Lawyers,-37.882387,145.024817,"26 Anderson St, Caulfield VIC 3162",
1386,caulfield,Legal Services,Rickards Legal,-37.886491,145.020156,"731 Glen Huntly Rd, Caulfield VIC 3162",
1387,caulfield,Legal Services,Sterling & Sheink,-37.8742477,145.0242908,"156 Hawthorn Rd, Caulfield North VIC 3161",
1388,Kyneton ,Legal Services,Faulkner,-37.2447073,144.4542672,"178 Mollison St, Kyneton VIC 3444",
1390,Essendon North,Legal Services,Essendon Legal & Business Services,-37.7385392,144.8963644,"Ground Floor/264 Keilor Rd, Essendon North VIC 3041",
1391,Essendon North,Legal Services,MDM Lawyers,-37.7384204,144.896007,"268 Keilor Rd, Essendon North VIC 3041",
1392,Keilor East ,Legal Services,Millars Lawyers,-37.732966,144.867426,"50 Wingara Ave, Keilor East VIC 3033",
1393,Keilor East ,Legal Services,Kentucky Restaurant Lawyers,-37.744392,144.866383,"33 McFarlane St, Keilor East VIC 3033",
1394,Keilor East ,Legal Services,Bruce C Chalmers,-37.733302,144.86652,"21 Centreway, Keilor East VIC 3033",
1395,Beaumaris,Legal Services,Petersons Legal,-37.984419,145.038904,"75 Haldane St, Beaumaris VIC 3193",
1396,Beaumaris,Legal Services,G. C. F Mier & Associates,-37.987924,145.032337,"37 Reserve Rd, Beaumaris VIC 3193",
1397,Beaumaris,Legal Services,James P. Donald,-37.9924235,145.0414568,"5/464 Beach Rd, Beaumaris VIC 3193",
1398,Beaumaris,Legal Services,Willis Simmonds Lawyers,-37.9852784,145.0334267,"1 N Concourse, Beaumaris VIC 3193",
1399,Yarraville,Legal Services,Lawyers Direct,-37.812171,144.886435,"98 Hamilton St, Yarraville VIC 3013",
1400,Yarraville,Legal Services,Patrick J Cannon Coburn & Associates Pty,-37.815707,144.897389,"20/157 Hyde St, Yarraville VIC 3013",
1401,Yarraville,Legal Services,Anderson Family Lawyers,-37.8163199,144.8889015,"4b/58 Anderson St, Yarraville VIC 3013",
1402,Dingley Village,Legal Services,Brand Protection Co,-37.9837737,145.1340915,"15c/79 Centre Dandenong Rd, Dingley Village VIC 3172",
1403,Dingley Village,Legal Services,Lyttletons Lawyers,-37.983445,145.131785,"2/128 Centre Dandenong Rd, Dingley Village VIC 3172",
1406,Elwood,Legal Services,O'Brien Law,-37.8789022,144.9829712,"60/62 Broadway, Elwood VIC 3184",
1407,Elwood,Legal Services,Aaron Eidelson,-37.883187,144.984281,"41 Ormond Rd, Elwood VIC 3184",
1408,Elwood,Legal Services,VicE-Convey.,-37.8868675,144.9836148,"Ormond Esplanade, Elwood VIC 3184",
1409,Elwood,Legal Services,Senad Palackic Lawyers,-37.8828576,144.993047,"4/208 Tennyson St, Elwood VIC 3184",
1410,Elwood,Legal Services,Jessop & Komesaroff Lawyers,-37.8825787,144.9822512,"6 Ormond Rd, Elwood VIC 3184",
1411,Bulleen,Legal Services,MHM Legal,-37.766375,145.092204,"P.O. Box 256, Bulleen VIC 3105",
1412,Bulleen,Legal Services,Petra Legal,-37.7694365,145.0962606,"18 Pinnacle Cres, Bulleen VIC 3105",
1413,Bulleen,Legal Services,PL Clarke Solicitors,-37.771988,145.101032,"184 Manningham Rd, Bulleen VIC 3105",
1414,Wantirna,Legal Services,Knights Solicitors,-37.8635198,145.2315096,"9 Edgeware Ct, Wantirna VIC 3152",
1415,Wantirna,Legal Services,Vaughan Kelly & Associates,-37.8474706,145.2332434,"30/348 Mountain Hwy, Wantirna VIC 3152",
1417,Wantirna,Legal Services,Jansen Walsh & Grace Conveyancing and Commercial Lawyers,-37.84753,145.232773,"Suite 30 Wantirna Mall, 348 Mountain Hwy, Wantirna VIC 3152",
1418,Richmond ,Legal Services,Hammersmith Lawyers,-37.8187129,145.0027459,"1/369 Bridge Rd, Richmond VIC 3121",
1419,Richmond ,Legal Services,Sharpe & Abel Pty Ltd.,-37.813929,144.9981178,"6/8 Bromham Pl, Richmond VIC 3121",
1420,Richmond ,Legal Services,Mach & Associates,-37.810149,144.994645,"90B Victoria St, Richmond VIC 3121",
1421,Albert Park,Legal Services,Farrar Gesini Dunn Lawyers,-37.842022,144.9532465,"11 Victoria Ave, Albert Park VIC 3206",
1424,Malvern East ,Legal Services,SZ Lawyers,-37.8687177,145.0605299,"Level 2, 1911 Malvern Road Malvern East, Melbourne VIC 3145",
1425,Malvern East ,Legal Services,Prapas & Co,-37.8754896,145.0454078,"61 Waverley Rd, Malvern East VIC 3145",
1426,Malvern East ,Legal Services,John Bennison,-37.869053,145.038948,"43 Tooronga Rd, Malvern East VIC 3145",
1427,Clifton Hill,Legal Services,Scomparin & Bernardi,-37.7886742,144.9917458,"173 Queens Parade, Clifton Hill VIC 3068",
1428,Clifton Hill,Legal Services,Vincent Volpe,-37.7887336,144.9916034,"171 Queens Parade, Clifton Hill VIC 3068",
1429,Clifton Hill,Legal Services,Ruth Harper Solicitor,-37.789045,145.00474,"4 Park Dr, Clifton Hill VIC 3068",
1430,Toorak,Legal Services,Davis Law Pty Ltd,-37.841734,145.009728,"59 Ross St, Toorak VIC 3142",
1431,Toorak,Legal Services,Muir Legal,-37.8406368,145.0082667,"459 Toorak Rd, Toorak VIC 3142",
1432,Toorak,Legal Services,ALFA Lawyers,-37.8479549,145.0043021,"Suite 2/537 Malvern Rd, Toorak VIC 3142",
1433,Toorak,Legal Services,SGM Legal,-37.843028,145.026626,"643 Toorak Rd, Toorak VIC 3142",
1434,Kensington,Legal Services,Buyers Advocacy Australia,-37.797493,144.920445,"43 Wakefield St, Kensington VIC 3031",
1435,Kensington,Legal Services,Kensington Lawyers,-37.7885145,144.930868,"301A Racecourse Rd, Kensington VIC 3031",
1438,Greenvale - Bulla,Legal Services,Papa Phillip A,-37.6557159,144.8904432,"18 Murray Cl, Greenvale VIC 3059",
1439,Greenvale - Bulla,Legal Services,Carlton Joosten Lawyers,-37.640983,144.89803,"14 Middleton Ct, Greenvale VIC 3059",
1440,Ascot Vale,Legal Services,Tartaglia Lawyers,-37.7723933,144.9163027,"240 Union Rd, Ascot Vale VIC 3032",
1441,Ascot Vale,Legal Services,Frank Sagaria & Associates,-37.774668,144.915468,"141 Union Rd, Ascot Vale VIC 3032",
1442,Brunswick,Legal Services,Baraka Lawyers,-37.7638527,144.9624097,"569 Sydney Rd, Brunswick VIC 3056",
1443,Brunswick,Legal Services,Draddy Legal,-37.7616215,144.9608018,"1/9 Florence St, Brunswick VIC 3056",
1444,Brunswick,Legal Services,Mck Legal,-37.775357,144.970898,"103 Lygon St, Brunswick VIC 3056",
1445,Brunswick,Legal Services,John Di Santo,-37.7611811,144.9633884,"694 Sydney Rd, Brunswick VIC 3056",
1446,Hampton Park - Lynbrook,Legal Services,Davies Lawyers,-37.9403741,145.0017679,"1/249 Hampton St, Hampton VIC 3188",
1447,Hampton Park - Lynbrook,Legal Services,Keith Cameron Solicitor,-37.933567,145.002998,"467 Hampton St, Hampton VIC 3188",
1448,Hawthorn East,Legal Services,Eastbridge Ltd,-37.8238804,145.0488157,"737 Burwood Rd, Hawthorn East VIC 3123",
1449,Hawthorn East,Legal Services,Conveyancing Yes,-37.825628,145.048915,"17/39 Auburn Grove, Hawthorn East VIC 3123",
1451,North Melbourne,Legal Services,Samo Lawyers,-37.7997693,144.9543219,"224/55 Flemington Rd, North Melbourne VIC 3051",
1452,North Melbourne,Legal Services,Davis & Le Lawyers,-37.8005616,144.9554189,"5B/33 Flemington Rd, North Melbourne VIC 3051",
1453,North Melbourne,Legal Services,Erskine Rodan & Associates,-37.805111,144.950968,"460 Victoria St, North Melbourne VIC 3051",
1454,Box Hill North,Legal Services,Assurance Solicitors,-37.8111475,145.1295609,"17A Tyne St, Box Hill North VIC 3129",
1455,Box Hill North,Legal Services,D Y & Co Lawyers,-37.8018877,145.1264183,"suite 2/935 Station St, Box Hill North VIC 3129",
1456,Murrumbeena,Legal Services,Gioutlou & Co. Lawyers,-37.890588,145.0665321,"92A Murrumbeena Rd, Murrumbeena VIC 3163",
1457,Murrumbeena,Legal Services,DBFS Lawyers,-37.888714,145.067061,"50A Murrumbeena Rd, Murrumbeena VIC 3163",
1458,Murrumbeena,Legal Services,Bailey Timms Lawyers,-37.8886948,145.0669751,"50 Murrumbeena Rd, Murrumbeena VIC 3163",
1459,Drouin,Legal Services,Richard Davis & Associates,-38.1350779,145.8556711,"7 Hamp Ln, Drouin VIC 3818",
1461,Cowes,Legal Services,Birch Ross & Barlow,-38.450496,145.2395715,"69A Chapel St, Cowes VIC 3922",
1462,Cowes,Legal Services,Bass Coast Solicitors,-38.454217,145.2387124,"134-138 Thompson Ave, Cowes VIC 3922",